Date,BuyHold
2021-01-01,0.0
2021-01-02,0.02745676535848537
2021-01-03,0.07857296864908567
2021-01-04,0.031661913798029975
2021-01-05,0.04254566262408208
2021-01-06,0.05939526791696726
2021-01-07,0.005136360160104832
2021-01-08,0.015884423936135005
2021-01-09,0.05485333921113945
2021-01-10,-0.027690518452621007
2021-01-11,-0.08780950139870129
2021-01-12,0.008408605442847746
2021-01-13,0.07933309092770345
2021-01-14,0.025028560230515026
2021-01-15,0.012477634575799104
2021-01-16,0.05135278819284962
2021-01-17,0.03622091951639088
2021-01-18,0.016491442297006706
2021-01-19,-0.0015105392033623328
2021-01-20,0.02343714303762226
2021-01-21,-0.09267324232150197
2021-01-22,0.09015638369067841
2021-01-23,0.03503986086665369
2021-01-24,0.03673631676760264
2021-01-25,-0.021146002761119876
2021-01-26,0.030501685145408762
2021-01-27,-0.06015891921782823
2021-01-28,0.0873360036140681
2021-01-29,0.018318531133147787
2021-01-30,0.044838962034196184
2021-01-31,-0.0014391550099738853
2021-02-01,0.023536429012207476
2021-02-02,0.03955357699743136
2021-02-03,0.050194675690279265
2021-02-04,0.0225154957840166
2021-02-05,0.10109044258934943
2021-02-06,-0.0024820910328357797
2021-02-07,0.010888564078174965
2021-02-08,0.08100985309902446
2021-02-09,0.042608317766535606
2021-02-10,0.03438735344093555
2021-02-11,0.07411385245951785
2021-02-12,0.06664892198431853
2021-02-13,0.024509647102637314
2021-02-14,-0.028384338664367324
2021-02-15,-0.022117055119324686
2021-02-16,-0.004117727959743179
2021-02-17,0.01779350832437287
2021-02-18,0.05261434225523158
2021-02-19,0.04808708523199614
2021-02-20,-0.020186803265110697
2021-02-21,0.02616333664824398
2021-02-22,-0.032849387339529884
2021-02-23,-0.11295343478365616
2021-02-24,0.04340705714071849
2021-02-25,-0.05351409034076533
2021-02-26,0.015031809862685463
2021-02-27,0.022216597866262847
2021-02-28,-0.02782972235200508
2021-03-01,0.10409446025696376
2021-03-02,0.022585798981676744
2021-03-03,0.07240422963505844
2021-03-04,-0.014056745692759559
2021-03-05,-0.019108766585979802
2021-03-06,0.012838524158006258
2021-03-07,0.03781511585271367
2021-03-08,0.05574499875761556
2021-03-09,0.06278583217496089
2021-03-10,-0.029891782395613867
2021-03-11,0.04058433929150295
2021-03-12,0.003083974226927222
2021-03-13,0.05794453598657048
2021-03-14,-0.012098276449387832
2021-03-15,-0.009310068313866682
2021-03-16,0.010106836754590707
2021-03-17,0.04681588646524657
2021-03-18,0.001915757359968069
2021-03-19,0.021827229468850823
2021-03-20,-0.012501594581493702
2021-03-21,0.0063075122195504095
2021-03-22,-0.04292843813362877
2021-03-23,-0.006694829630678742
2021-03-24,-0.037643594288019756
2021-03-25,0.002194292509560026
2021-03-26,0.07306158935671851
2021-03-27,0.01280732534988531
2021-03-28,0.02593815209976975
2021-03-29,0.04099102640226596
2021-03-30,0.011369037220651605
2021-03-31,-0.003567069495231435
2021-04-01,0.03278675272950303
2021-04-02,0.024689573568109115
2021-04-03,-0.06044392917006948
2021-04-04,0.05703447718718802
2021-04-05,0.0435403936371587
2021-04-06,0.0031862068065428317
2021-04-07,-0.03942642835826421
2021-04-08,0.06056058213940299
2021-04-09,0.011074268668196122
2021-04-10,0.008338293437692854
2021-04-11,0.007465177603149132
2021-04-12,0.014181202783166133
2021-04-13,0.04070112708530181
2021-04-14,0.004899408267269632
2021-04-15,0.07722930310306458
2021-04-16,0.0045229538965908785
2021-04-17,-0.021912785718596117
2021-04-18,-0.08005948048628188
2021-04-19,-0.020913075753278675
2021-04-20,0.034064243072775044
2021-04-21,-0.0350380807054361
2021-04-22,-0.048716411245233744
2021-04-23,-0.009599488225119433
2021-04-24,-0.06851619994833202
2021-04-25,0.013076369334928282
2021-04-26,0.13454452006997164
2021-04-27,0.06894078951494545
2021-04-28,0.012056616952122646
2021-04-29,-0.0015811873174757045
2021-04-30,0.0555158256357557
2021-05-01,0.010963311639470941
2021-05-02,-0.020097994553673348
2021-05-03,0.03645260480535667
2021-05-04,-0.06718626290149167
2021-05-05,0.12113633741743728
2021-05-06,0.01116153309540762
2021-05-07,-0.0013066261049874378
2021-05-08,0.015514870318567901
2021-05-09,-0.0015539202434026623
2021-05-10,-0.05602924570315102
2021-05-11,0.07527480157098977
2021-05-12,-0.10632417650343771
2021-05-13,0.03150344208577026
2021-05-14,0.07908821525297532
2021-05-15,-0.06477846206027264
2021-05-16,-0.004934987794792878
2021-05-17,-0.04384058775038192
2021-05-18,0.05167555568306149
2021-05-19,-0.29050380602102094
2021-05-20,0.14816700096939323
2021-05-21,-0.12093383272751757
2021-05-22,-0.04992299646867834
2021-05-23,-0.13233322083910462
2021-05-24,0.2243057195983797
2021-05-25,-0.0005128041594364918
2021-05-26,0.1084696036266515
2021-05-27,-0.050954357634869905
2021-05-28,-0.08094648055847459
2021-05-29,-0.04939397175277099
2021-05-30,0.0432362431000681
2021-05-31,0.090895462609422
2021-06-01,-0.02230335099466334
2021-06-02,0.0426066701239335
2021-06-03,0.060923453654772676
2021-06-04,-0.05390986906226865
2021-06-05,-0.03485767348311737
2021-06-06,0.006701825400014762
2021-06-07,-0.0782167867485258
2021-06-08,-0.011045861948162651
2021-06-09,0.0542321788771738
2021-06-10,-0.06549659902007506
2021-06-11,-0.04529601631421125
2021-06-12,-0.014828157701098119
2021-06-13,0.08177637711290155
2021-06-14,0.018486616266092586
2021-06-15,0.014089966824467197
2021-06-16,-0.05552939308522251
2021-06-17,0.013551557217442918
2021-06-18,-0.06247831937283839
2021-06-19,-0.017170940200419756
2021-06-20,0.00032359649610005627
2021-06-21,-0.19042381513595028
2021-06-22,-0.023262612072922743
2021-06-23,0.08760964771635392
2021-06-24,0.037158961700487436
2021-06-25,-0.08213654757951624
2021-06-26,0.006434297762541874
2021-06-27,0.05351405381294028
2021-06-28,0.02782034992989527
2021-06-29,0.054068976847523195
2021-06-30,0.009449240551041332
2021-07-01,-0.04617818726928793
2021-07-02,0.007995686493121375
2021-07-03,0.02787098370879031
2021-07-04,0.029797958407228903
2021-07-05,-0.02638543252998289
2021-07-06,0.05107199321611354
2021-07-07,0.024888098806975255
2021-07-08,-0.060585790659385096
2021-07-09,0.04417085559643298
2021-07-10,-0.014299851057133599
2021-07-11,0.011738448505341248
2021-07-12,-0.030676836033406433
2021-07-13,-0.03066881401186583
2021-07-14,0.015086366407650128
2021-07-15,-0.03576334726949217
2021-07-16,-0.04240111666838436
2021-07-17,-0.001691627705868246
2021-07-18,0.004079280828199112
2021-07-19,-0.06574789941182548
2021-07-20,-0.04875732756593489
2021-07-21,0.10358590730983008
2021-07-22,0.04682804512058879
2021-07-23,0.04722685076980157
2021-07-24,0.018765978011815395
2021-07-25,0.018863000544600616
2021-07-26,0.007874818505682018
2021-07-27,0.026635805397302138
2021-07-28,0.0029704872583587645
2021-07-29,0.013023791488253443
2021-07-30,0.03078222695316648
2021-07-31,0.02206070002542678
2021-08-01,-0.025836713522246594
2021-08-02,0.007026723074619441
2021-08-03,-0.015388659467324857
2021-08-04,0.035927022684085985
2021-08-05,0.024528952357874022
2021-08-06,0.022532566931149692
2021-08-07,0.03523412649096389
2021-08-08,-0.04799778220683284
2021-08-09,0.04802500942809593
2021-08-10,0.044989200846072934
2021-08-11,0.030049578195377603
2021-08-12,-0.015050043910998458
2021-08-13,0.07770229923215177
2021-08-14,0.013272985426918411
2021-08-15,0.0339914869512832
2021-08-16,-0.015465346155539138
2021-08-17,-0.036022458270007725
2021-08-18,0.022512284408200984
2021-08-19,0.048813188242639347
2021-08-20,0.03555885619768953
2021-08-21,0.028016380181477306
2021-08-22,0.018171687458399276
2021-08-23,0.02526189353966661
2021-08-24,-0.07004957132819245
2021-08-25,0.034227580789207714
2021-08-26,-0.055544292341311724
2021-08-27,0.06472836438994886
2021-08-28,-0.004119198339169469
2021-08-29,0.017269724805648427
2021-08-30,-0.020003248175026845
2021-08-31,0.017437221231687932
2021-09-01,0.06329192189775107
2021-09-02,0.006537912006060947
2021-09-03,0.032227541415332545
2021-09-04,0.017883635049070177
2021-09-05,0.043474732516582994
2021-09-06,0.008723801117173857
2021-09-07,-0.14456804909763496
2021-09-08,0.010098990076868805
2021-09-09,0.032453186123449385
2021-09-10,-0.03790046788116092
2021-09-11,0.01903338055058674
2021-09-12,0.03462833030048557
2021-09-13,-0.03978680807801837
2021-09-14,0.037594104126141774
2021-09-15,0.056060911051890955
2021-09-16,-0.012887788478344191
2021-09-17,-0.04243921662740647
2021-09-18,0.01931013207437166
2021-09-19,-0.020113769488112613
2021-09-20,-0.1269450492237556
2021-09-21,-0.05791107064730308
2021-09-22,0.1249778535103993
2021-09-23,0.03099402291260624
2021-09-24,-0.05858070828347437
2021-09-25,-0.013700463480988247
2021-09-26,0.0049705728597058295
2021-09-27,-0.03676223106331634
2021-09-28,-0.05421453486214846
2021-09-29,0.0242295121885423
2021-09-30,0.03967025796447603
2021-10-01,0.10583018652364368
2021-10-02,0.010355227924888135
2021-10-03,0.020761978187080365
2021-10-04,-0.01564058551602055
2021-10-05,0.02548941397446517
2021-10-06,0.004239210007191659
2021-10-07,0.020861599134624355
2021-10-08,-0.0005646987764085818
2021-10-09,0.022834568845845973
2021-10-10,-0.056966962282434856
2021-10-11,0.0021446675314614407
2021-10-12,-0.007681350406651504
2021-10-13,0.03917460326988473
2021-10-14,0.020199804734341402
2021-10-15,0.011815780501392035
2021-10-16,0.0047076285518018
2021-10-17,-0.009883215726776468
2021-10-18,-0.004676984658570743
2021-10-19,0.015041149867532943
2021-10-20,0.04986978939238888
2021-10-21,-0.019636083065296017
2021-10-22,0.010672517699608551
2021-10-23,0.016357352760100325
2021-10-24,-0.017195044891463736
2021-10-25,0.047528025877560526
2021-10-26,0.004182318915120056
2021-10-27,-0.06342281609482353
2021-10-28,0.06455303537608648
2021-10-29,0.03857350848773961
2021-10-30,0.028568860714598618
2021-10-31,-0.001359383200162214
2021-11-01,0.022181000259052213
2021-11-02,0.035508153593326604
2021-11-03,0.002038257935987904
2021-11-04,0.0006828168709066151
2021-11-05,0.002738587586202013
2021-11-06,0.005550530659489719
2021-11-07,0.018476236814332227
2021-11-08,0.03869243527527354
2021-11-09,-0.00011257855323173857
2021-11-10,-0.03841738580450992
2021-11-11,0.016455895625067846
2021-11-12,-0.004434241672367987
2021-11-13,0.0034098825166491557
2021-11-14,0.0025006912766571366
2021-11-15,-0.015503363430727932
2021-11-16,-0.06001265119814697
2021-11-17,0.019293391670287433
2021-11-18,-0.06363139045572226
2021-11-19,0.061606247222983086
2021-11-20,0.01926542353651581
2021-11-21,-0.02377938960621151
2021-11-22,-0.0192225953170079
2021-11-23,0.030527428000422244
2021-11-24,-0.016566787253262334
2021-11-25,0.03367866603285246
2021-11-26,-0.07255995457035468
2021-11-27,0.024735029099316616
2021-11-28,0.027594825459513875
2021-11-29,0.0149782501137909
2021-11-30,-0.0032666927779972928
2021-12-01,-0.005349104519750439
2021-12-02,-0.024538624755743473
2021-12-03,-0.04546717854993752
2021-12-04,-0.08306172121678536
2021-12-05,-0.043418012301386255
2021-12-06,0.033633333120300785
2021-12-07,0.004520872492968666
2021-12-08,0.031140872631995276
2021-12-09,-0.08199239721435639
2021-12-10,-0.03605969873802622
2021-12-11,0.04924451752133642
2021-12-12,0.007497614011022723
2021-12-13,-0.0927629035478938
2021-12-14,0.008908816424576091
2021-12-15,0.06173489380763202
2021-12-16,-0.020440912769483607
2021-12-17,-0.005834124433905583
2021-12-18,0.02288988595724661
2021-12-19,-0.015091661834268931
2021-12-20,-0.00933811751128041
2021-12-21,0.044789273097133646
2021-12-22,0.026398502279633636
2021-12-23,0.06700123930679083
2021-12-24,-0.013757949518300592
2021-12-25,0.022731047727541295
2021-12-26,0.021042653256690545
2021-12-27,0.002147077063818465
2021-12-28,-0.06999206440484619
2021-12-29,-0.02412558991089664
2021-12-30,0.022148933478560173
2021-12-31,-0.007300887859889349
2022-01-01,0.03975534381725759
2022-01-02,0.007936084400349838
2022-01-03,-0.003950129478284143
2022-01-04,-0.010915721522828516
2022-01-05,-0.04396065568978912
2022-01-06,0.0007459861314034594
2022-01-07,-0.05191246236525693
2022-01-08,-0.032503051891291254
2022-01-09,0.013230095966554995
2022-01-10,-0.029637332899028118
2022-01-11,0.048321668065497834
2022-01-12,0.046346141447076966
2022-01-13,-0.03332484283859942
2022-01-14,0.03185143209492678
2022-01-15,0.005028102389753614
2022-01-16,0.0078140601533683
2022-01-17,-0.05305599104522196
2022-01-18,-0.014390889620556452
2022-01-19,-0.03251865653271331
2022-01-20,-0.0312192661518307
2022-01-21,-0.12388974490556148
2022-01-22,-0.09983179342910571
2022-01-23,0.05132755367953948
2022-01-24,-0.0359310612841711
2022-01-25,0.026687603888030285
2022-01-26,-0.0006602191560019982
2022-01-27,-0.013832114236965263
2022-01-28,0.023041486904169406
2022-01-29,0.02398335017728779
2022-01-30,-0.008717658711813946
2022-01-31,0.026027060587025867
2022-02-01,0.0116127553006687
2022-02-02,-0.05009838384334087
2022-02-03,-0.0007571646977657184
2022-02-04,0.0817460331160976
2022-02-05,0.01801567157782685
2022-02-06,0.034278177448600185
2022-02-07,0.044507424957504566
2022-02-08,-0.020405796282891006
2022-02-09,0.019236906519546973
2022-02-10,-0.041846598819350565
2022-02-11,-0.04587977437578436
2022-02-12,-0.0015530449337298718
2022-02-13,-0.01944639463497047
2022-02-14,0.00937026652059094
2022-02-15,0.07035208044019738
2022-02-16,-0.010432323912199996
2022-02-17,-0.07716414800692774
2022-02-18,-0.016534543310798136
2022-02-19,0.002056289823602084
2022-02-20,-0.05267247940393542
2022-02-21,-0.07025322140765806
2022-02-22,0.042330223048105214
2022-02-23,-0.026046742380268464
2022-02-24,-0.007692627602844799
2022-02-25,0.05357152861840952
2022-02-26,0.0066325723423646555
2022-02-27,-0.04198085021734416
2022-02-28,0.1088772447412149
2022-03-01,0.0093054152829726
2022-03-02,0.004936549752252
2022-03-03,-0.029128814946180137
2022-03-04,-0.06546814259544004
2022-03-05,0.02236878606702048
2022-03-06,-0.05380768418259245
2022-03-07,-0.020132490024793368
2022-03-08,0.006447293114177379
2022-03-09,0.055327902643299176
2022-03-10,-0.030485331445045595
2022-03-11,-0.023300135945221366
2022-03-12,-0.00329344574843576
2022-03-13,-0.015112900056931307
2022-03-14,0.0244286398438684
2022-03-15,0.013893895626347876
2022-03-16,0.06457889414114437
2022-03-17,-0.011573970701454965
2022-03-18,0.032927791997406274
2022-03-19,0.022322057944910913
2022-03-20,-0.033242407255317505
2022-03-21,0.009005290595134847
2022-03-22,0.015948108561300044
2022-03-23,0.029586470312916297
2022-03-24,0.03615656052966041
2022-03-25,-0.029629473998148206
2022-03-26,0.02176610708279952
2022-03-27,0.05566930931380352
2022-03-28,-0.020437448321751584
2022-03-29,0.03886682168823845
2022-03-30,0.02695567822054719
2022-03-31,-0.029883033785125628
2022-04-01,0.04315452248971508
2022-04-02,-0.01429476862026475
2022-04-03,0.027942309733233403
2022-04-04,-0.024951426978734342
2022-04-05,-0.03324890390958601
2022-04-06,-0.08138243988165363
2022-04-07,0.034801321609513075
2022-04-08,-0.04325985550495012
2022-04-09,0.022902033030934025
2022-04-10,-0.02351510835659059
2022-04-11,-0.07944042564492601
2022-04-12,0.03731242270320688
2022-04-13,0.02627137759810381
2022-04-14,-0.023720599981844483
2022-04-15,0.012410546161995615
2022-04-16,0.0060255419852240895
2022-04-17,-0.035852770903051584
2022-04-18,0.024636681104074337
2022-04-19,0.025692608545369363
2022-04-20,-0.0005212174887546994
2022-04-21,-0.04073701687068209
2022-04-22,-0.0005980386440115784
2022-04-23,-0.010500012522632171
2022-04-24,-0.012564173412288193
2022-04-25,0.008969443148650204
2022-04-26,-0.07660338480046804
2022-04-27,0.028246497944354024
2022-04-28,0.0023264305434946685
2022-04-29,-0.058296361038740765
2022-04-30,-0.07529151323741431
2022-05-01,0.05102087864707455
2022-05-02,-0.010734857850289537
2022-05-03,-0.0038207849532817667
2022-05-04,0.09038357731595037
2022-05-05,-0.08626100869967827
2022-05-06,-0.008903838397589821
2022-05-07,-0.02668210519572125
2022-05-08,-0.025123910294710998
2022-05-09,-0.15562049103149556
2022-05-10,0.03199071114952365
2022-05-11,-0.2003647565442364
2022-05-12,-0.057266772038114436
2022-05-13,0.08244846630331683
2022-05-14,0.043918648113781655
2022-05-15,0.06060978558813581
2022-05-16,-0.07251948694594479
2022-05-17,0.04878886251868848
2022-05-18,-0.08814100118230966
2022-05-19,0.04274595626509324
2022-05-20,-0.028343803144380137
2022-05-21,0.0273141758171804
2022-05-22,0.033161273729359696
2022-05-23,-0.025561120561261537
2022-05-24,0.016152567273651223
2022-05-25,-0.01048346958315246
2022-05-26,-0.0641919168673101
2022-05-27,-0.023493957260154602
2022-05-28,0.020957255658957036
2022-05-29,0.025724377353623037
2022-05-30,0.10576158329652938
2022-05-31,-0.0026166573412943206
2022-06-01,-0.07214114778697814
2022-06-02,0.03397031051654302
2022-06-03,-0.0383039572600324
2022-06-04,0.009951979285333132
2022-06-05,-0.007107663588845618
2022-06-06,0.0351692243974352
2022-06-07,-0.02283242609967255
2022-06-08,-0.013255941957295014
2022-06-09,0.004519992659723055
2022-06-10,-0.05786097984036994
2022-06-11,-0.08317893609026474
2022-06-12,-0.06688427469356044
2022-06-13,-0.10437740791126808
2022-06-14,0.019206645496353363
2022-06-15,0.06113907848338643
2022-06-16,-0.10283958172477449
2022-06-17,0.02793166136088415
2022-06-18,-0.059324775900963286
2022-06-19,0.08143378628328231
2022-06-20,0.03929949850434986
2022-06-21,0.025088443630526806
2022-06-22,-0.03592987167031592
2022-06-23,0.07704785556189347
2022-06-24,0.0564731815569166
2022-06-25,0.014742602753048386
2022-06-26,-0.03654806616059361
2022-06-27,-0.006939974000472626
2022-06-28,-0.04089301051018587
2022-06-29,-0.018689877011642004
2022-06-30,-0.011893357884245122
2022-07-01,-0.018993977256807928
2022-07-02,0.01170252732626117
2022-07-03,0.006752558133557255
2022-07-04,0.05188022664328347
2022-07-05,-0.007095165838342823
2022-07-06,0.017614769109119393
2022-07-07,0.04250969558496537
2022-07-08,-0.013513457727657007
2022-07-09,0.017400209834630285
2022-07-10,-0.02980805430234795
2022-07-11,-0.06090340358526686
2022-07-12,-0.01939576324022687
2022-07-13,0.04929731554353011
2022-07-14,0.04043077165414712
2022-07-15,0.004100067415685446
2022-07-16,0.026827805221655166
2022-07-17,-0.016582273987494112
2022-07-18,0.10589852827958524
2022-07-19,0.0289053917127934
2022-07-20,-0.04748453360395823
2022-07-21,0.03453859883300774
2022-07-22,-0.021399059768337985
2022-07-23,0.007612616129376496
2022-07-24,0.004416977515355066
2022-07-25,-0.07693015599599334
2022-07-26,0.0046365219360816265
2022-07-27,0.09006545107172308
2022-07-28,0.05146275335519602
2022-07-29,0.01651081481914298
2022-07-30,0.004216728749115126
2022-07-31,-0.009178699150469986
2022-08-01,0.0060107283342055754
2022-08-02,-0.022894413921724196
2022-08-03,0.010062117356350566
2022-08-04,0.029242158548444353
2022-08-05,0.047963489012865394
2022-08-06,-0.01286341410161624
2022-08-07,0.013093360678300824
2022-08-08,0.019581950902091104
2022-08-09,-0.03368759698708652
2022-08-10,0.050015646411161435
2022-08-11,0.005070889996531761
2022-08-12,0.029290861485078236
2022-08-13,-0.008863988074421627
2022-08-14,-0.019756357448417
2022-08-15,-0.0029999412782945782
2022-08-16,-0.0100889294442753
2022-08-17,-0.030677188484827703
2022-08-18,-0.02122972425062848
2022-08-19,-0.09636077861468807
2022-08-20,-0.0029246709458883953
2022-08-21,0.03459640042786848
2022-08-22,-0.001988196580389434
2022-08-23,0.019489072544045766
2022-08-24,-0.004476858466145722
2022-08-25,0.007214201341124572
2022-08-26,-0.08242639978214736
2022-08-27,0.002530658010340388
2022-08-28,-0.029885907479865942
2022-08-29,0.056018439755447104
2022-08-30,-0.022838437045186732
2022-08-31,-0.000796696850784981
2022-09-01,0.011940131250804375
2022-09-02,0.004292922925083007
2022-09-03,0.008828764792793153
2022-09-04,0.011144572818067945
2022-09-05,0.006031177677773155
2022-09-06,-0.06062883661781401
2022-09-07,0.04652116989803161
2022-09-08,0.006980129628017335
2022-09-09,0.05531999411801681
2022-09-10,-0.003698039429906139
2022-09-11,-0.0017707715812810218
2022-09-12,-0.003183827619471686
2022-09-13,-0.06004690823517521
2022-09-14,0.0032126145654812898
2022-09-15,-0.037287391824841545
2022-09-16,0.016689586966222265
2022-09-17,0.023516726680632184
2022-09-18,-0.07438134494126246
2022-09-19,0.0315445200920893
2022-09-20,-0.022069474267351317
2022-09-21,-0.025473768034252844
2022-09-22,0.05599822663527254
2022-09-23,0.012425092902165152
2022-09-24,-0.016802184160563262
2022-09-25,-0.010193994931544444
2022-09-26,0.009315743414400331
2022-09-27,-0.011457464434897043
2022-09-28,0.0038689602280609085
2022-09-29,0.008429593411776098
2022-09-30,0.001085124234190246
2022-10-01,-0.00221949543270301
2022-10-02,-0.027054886527345046
2022-10-03,0.0371909530921643
2022-10-04,0.018961088294640396
2022-10-05,-0.002121011167570015
2022-10-06,-0.000298264324271009
2022-10-07,0.0007818752124416356
2022-10-08,-0.007700512858737142
2022-10-09,0.009934844549619832
2022-10-10,-0.042573114973216475
2022-10-11,-0.015058918770433867
2022-10-12,-0.002135864303408325
2022-10-13,-0.003645344191174315
2022-10-14,-0.0016089542042022722
2022-10-15,-0.00383379724213805
2022-10-16,0.016350806806745513
2022-10-17,0.021080012106911492
2022-10-18,-0.013009323883678472
2022-10-19,-0.02940584917646816
2022-10-20,-0.013013170331679152
2022-10-21,0.02724060899233038
2022-10-22,-0.00480600589883411
2022-10-23,0.027353609207928682
2022-10-24,-0.029864645970898187
2022-10-25,0.05373711460895377
2022-10-26,0.03554439384949942
2022-10-27,-0.011980276387537635
2022-10-28,0.029095662384604114
2022-10-29,0.01922149014331495
2022-10-30,0.0036581911724277217
2022-10-31,-0.0001663172384031482
2022-11-01,-0.006321847572821826
2022-11-02,-0.019890810922550163
2022-11-03,0.029848571071741447
2022-11-04,0.08129458208212326
2022-11-05,0.001880292319524458
2022-11-06,-0.043985245656858
2022-11-07,0.004220174318106803
2022-11-08,-0.12721418620903205
2022-11-09,-0.17473882675808422
2022-11-10,0.1647779958047855
2022-11-11,-0.03461868464084225
2022-11-12,-0.05065926805538916
2022-11-13,-0.017868269283185932
2022-11-14,0.015821323704607183
2022-11-15,0.024072737529963435
2022-11-16,-0.020185788061321774
2022-11-17,-0.011092488289741138
2022-11-18,0.007521247853920543
2022-11-19,0.005290349864944941
2022-11-20,-0.05509435126996727
2022-11-21,-0.01959349720936418
2022-11-22,0.039557996664570265
2022-11-23,0.04300536555413081
2022-11-24,-0.010633939512392651
2022-11-25,-0.004553056020392816
2022-11-26,0.005409154183619846
2022-11-27,0.0009250680440758526
2022-11-28,-0.01809052991134589
2022-11-29,0.015867922817510014
2022-11-30,0.042325743187842865
2022-12-01,-0.026803074876291202
2022-12-02,0.016223493744937173
2022-12-03,-0.02652781069232085
2022-12-04,0.019629555153391095
2022-12-05,-0.0008536859684335485
2022-12-06,0.0005236732372725499
2022-12-07,-0.031446423163772386
2022-12-08,0.016081947382806758
2022-12-09,-0.009036834722631665
2022-12-10,0.0030997562740547263
2022-12-11,-0.015565703992485103
2022-12-12,-0.008356561960124865
2022-12-13,0.016220640030504548
2022-12-14,-0.011575163473995523
2022-12-15,-0.02248470738034871
2022-12-16,-0.0961799702995093
2022-12-17,0.017347734731231294
2022-12-18,-0.008084734149801103
2022-12-19,-0.04370535560536856
2022-12-20,0.03997492071933858
2022-12-21,-0.012261120450262562
2022-12-22,0.007540006530557608
2022-12-23,0.0004884502102262062
2022-12-24,-0.004990093548241093
2022-12-25,-0.003292335929883082
2022-12-26,0.010309483017094391
2022-12-27,-0.011736387206843507
2022-12-28,-0.03156309922774573
2022-12-29,-0.003991515179960528
2022-12-30,-0.006138644454670933
2022-12-31,0.0021635432211105214
2023-01-01,0.00876874278504916
2023-01-02,0.02220512233288301
2023-01-03,0.005805423391993022
2023-01-04,0.03298318184059167
2023-01-05,-0.006600288589482588
2023-01-06,0.02256930985369881
2023-01-07,0.00552281925403118
2023-01-08,0.03691783927657048
2023-01-09,0.022557644314105132
2023-01-10,0.024223509922446283
2023-01-11,0.02010767351571071
2023-01-12,0.03589463762560545
2023-01-13,0.049811074301657605
2023-01-14,0.044184406256436846
2023-01-15,0.008289290345491737
2023-01-16,-0.001161847996805722
2023-01-17,-0.0012507743409487387
2023-01-18,-0.048919363693839306
2023-01-19,0.029218135049889824
2023-01-20,0.07868159780061948
2023-01-21,-0.011979326044113645
2023-01-22,0.02674573109004439
2023-01-23,0.01735187743810401
2023-01-24,-0.043016106419110474
2023-01-25,0.052918775900982956
2023-01-26,0.014045319285848727
2023-01-27,0.011927481876648875
2023-01-28,-0.012802225246439081
2023-01-29,0.047739976804976096
2023-01-30,-0.06309323684270526
2023-01-31,0.027435379813833923
2023-02-01,0.04653825800167792
2023-02-02,-0.004450266993520044
2023-02-03,0.0334136582296016
2023-02-04,-0.005153408462956712
2023-02-05,-0.028598258578192065
2023-02-06,-0.015338432921338933
2023-02-07,0.06390387265164352
2023-02-08,-0.020138027437101927
2023-02-09,-0.08524080486553669
2023-02-10,0.007036606548447519
2023-02-11,0.021748853309275937
2023-02-12,-0.016787885662747578
2023-02-13,-0.01717214868257412
2023-02-14,0.03192563040585019
2023-02-15,0.06981384809080106
2023-02-16,-0.04244388255487973
2023-02-17,0.07050171540970146
2023-02-18,0.004829303327489262
2023-02-19,0.01683199107028399
2023-02-20,0.03780568923274554
2023-02-21,-0.026509437661424773
2023-02-22,-0.014635823239883654
2023-02-23,-0.00017301710105807082
2023-02-24,-0.04112545682114627
2023-02-25,-0.012869158761508284
2023-02-26,0.025582829611884964
2023-02-27,-0.013297241904653116
2023-02-28,-0.026450891765609778
2023-03-01,0.03880841068992489
2023-03-02,-0.01996174853112066
2023-03-03,-0.04047403439923088
2023-03-04,-0.02460237303857565
2023-03-05,0.0011787822319579294
2023-03-06,0.00612061796399451
2023-03-07,-0.0216395980438224
2023-03-08,-0.062274405423628484
2023-03-09,-0.04943812875509698
2023-03-10,0.007615045811081025
2023-03-11,-0.006729200823649753
2023-03-12,0.07006270057947052
2023-03-13,0.04833408523685392
2023-03-14,0.03286699855836058
2023-03-15,-0.06420147567032586
2023-03-16,0.025554585800735708
2023-03-17,0.083743341521036
2023-03-18,-0.033169766303566474
2023-03-19,0.03425024110034416
2023-03-20,-0.026285533098936584
2023-03-21,0.04930966229423203
2023-03-22,-0.05439193317435084
2023-03-23,0.02538386490662721
2023-03-24,-0.045289390095084585
2023-03-25,-0.014778049713609636
2023-03-26,0.019976271717871013
2023-03-27,-0.041629742884141875
2023-03-28,0.024920920522654762
2023-03-29,0.037236973915092245
2023-03-30,0.00695044465915565
2023-03-31,0.024165288287534913
2023-04-01,-0.0019507599478619452
2023-04-02,-0.02460253141044672
2023-04-03,0.008876431759698707
2023-04-04,0.01623450259652461
2023-04-05,0.0006749286520594122
2023-04-06,-0.016927484978009395
2023-04-07,0.003468923218458896
2023-04-08,-0.00993607458191009
2023-04-09,0.008901616971654534
2023-04-10,0.01486825223204092
2023-04-11,0.004459107497045242
2023-04-12,-0.002766863824803194
2023-04-13,0.02149455165975667
2023-04-14,0.024814352256383246
2023-04-15,0.005116209451353626
2023-04-16,0.01776617599671334
2023-04-17,-0.019212011689769007
2023-04-18,0.020671606433803075
2023-04-19,-0.072320240065074
2023-04-20,-0.02183971691479371
2023-04-21,-0.03830374587416267
2023-04-22,0.023587957936638593
2023-04-23,-0.008221000268611113
2023-04-24,-0.0058236573953393145
2023-04-25,0.020900149761692518
2023-04-26,-0.02917422119167603
2023-04-27,0.02188689675584297
2023-04-28,0.005548296483114969
2023-04-29,0.0035257126435761007
2023-04-30,-0.011172588031400865
2023-05-01,-0.02505989742064758
2023-05-02,0.013865416345875441
2023-05-03,0.006817600132487294
2023-05-04,-0.01697543040558755
2023-05-05,0.018791897308588885
2023-05-06,-0.04518376286749563
2023-05-07,-0.009292415525744143
2023-05-08,-0.05217798119851969
2023-05-09,-0.004917422134599339
2023-05-10,0.01076712850720015
2023-05-11,-0.03089075891335061
2023-05-12,0.012736626236748472
2023-05-13,-0.008334104478190439
2023-05-14,0.016284617168629934
2023-05-15,0.008613128965594671
2023-05-16,0.0021396266841005457
2023-05-17,0.02161712429330132
2023-05-18,-0.01716504342010094
2023-05-19,0.00012698641948661333
2023-05-20,0.0009461541507884423
2023-05-21,-0.019231781491625487
2023-05-22,0.005685761422682494
2023-05-23,0.0008149192558420804
2023-05-24,-0.030070207838673518
2023-05-25,-0.00017200978359292998
2023-05-26,0.018781412155963347
2023-05-27,0.00977347681664137
2023-05-28,0.028525937780542767
2023-05-29,-0.010854135535880317
2023-05-30,-0.0011656623579064688
2023-05-31,-0.02038201150931604
2023-06-01,-0.005483932364852604
2023-06-02,0.016302832022134513
2023-06-03,-0.0028825291716972432
2023-06-04,0.013511609434958898
2023-06-05,-0.07454422085200978
2023-06-06,0.025918829037422667
2023-06-07,-0.04699648109765543
2023-06-08,0.002771110423710844
2023-06-09,-0.01388051703386424
2023-06-10,-0.09975753886867328
2023-06-11,-0.004559004688686805
2023-06-12,-0.001425004842809261
2023-06-13,0.010061550758983104
2023-06-14,-0.03081721737003234
2023-06-15,0.0056283418721422
2023-06-16,0.014520658335350958
2023-06-17,0.012570233958870098
2023-06-18,-0.012864849365607934
2023-06-19,0.009855383219745509
2023-06-20,0.03492673130940198
2023-06-21,0.03606416590684179
2023-06-22,-0.011043560015677295
2023-06-23,0.042706326799548985
2023-06-24,-0.0022254679240614954
2023-06-25,0.016254639810131238
2023-06-26,-0.013134322609898063
2023-06-27,0.03426816078455539
2023-06-28,-0.051738124334973754
2023-06-29,0.010987327933808246
2023-06-30,0.04398182668165152
2023-07-01,0.027663158959450724
2023-07-02,-0.0006656928385108332
2023-07-03,0.006483112259752812
2023-07-04,-0.018083842289822807
2023-07-05,-0.02862531741142593
2023-07-06,-0.035921768317153595
2023-07-07,0.01579061523242518
2023-07-08,0.004273590728979351
2023-07-09,-0.014728264355201326
2023-07-10,0.0049692584410158174
2023-07-11,0.010680832278890667
2023-07-12,-0.01475152503544621
2023-07-13,0.11332517955237258
2023-07-14,-0.015241580167081022
2023-07-15,-0.009144270485911026
2023-07-16,-0.004520861801958076
2023-07-17,0.015588234801674712
2023-07-18,-0.02412033819677779
2023-07-19,0.03452475024122108
2023-07-20,0.020933125907738766
2023-07-21,-0.008039976428965902
2023-07-22,-0.016796591989417634
2023-07-23,0.012465453535623661
2023-07-24,-0.0412452226154701
2023-07-25,0.003935113800088816
2023-07-26,0.005810725395827698
2023-07-27,-0.0016232408802019016
2023-07-28,0.018537348373999885
2023-07-29,0.00029709729178103815
2023-07-30,-0.011587351318585475
2023-07-31,-0.019444259382495794
2023-08-01,0.006171625128015587
2023-08-02,-0.02310207715716093
2023-08-03,-0.0012212441449957828
2023-08-04,-0.007624439691180904
2023-08-05,0.011420795023223398
2023-08-06,0.001250231448361618
2023-08-07,-0.0010382230074855202
2023-08-08,0.014398048496498667
2023-08-09,-0.0030790675587297873
2023-08-10,-0.00784835557465242
2023-08-11,-0.00201588889652722
2023-08-12,0.0031392996366037852
2023-08-13,-0.00014517443613436788
2023-08-14,0.0031256909764210273
2023-08-15,-0.04130382915990584
2023-08-16,-0.03247564069497738
2023-08-17,-0.07472176085218747
2023-08-18,0.013585130766000457
2023-08-19,0.007376653724290897
2023-08-20,0.005791817290418436
2023-08-21,-0.018791212023434943
2023-08-22,-0.00603000942106524
2023-08-23,0.020230243128230952
2023-08-24,-0.01617279873913347
2023-08-25,0.0005029322568612115
2023-08-26,-0.00659286375689021
2023-08-27,0.005040672653768654
2023-08-28,0.0012033118677830111
2023-08-29,0.03312849456360859
2023-08-30,-0.012998021215336579
2023-08-31,-0.0404862840141694
2023-09-01,-0.013067078670955112
2023-09-02,0.0024357581155383698
2023-09-03,0.001156253654579384
2023-09-04,0.003619069777719013
2023-09-05,0.008009987468029393
2023-09-06,0.002636134014449475
2023-09-07,0.006063861103262316
2023-09-08,-0.010260451088259386
2023-09-09,-0.005317325918279207
2023-09-10,-0.02560859133583745
2023-09-11,-0.03245822833816809
2023-09-12,0.008899795366642762
2023-09-13,0.01581597751506404
2023-09-14,0.014751179072931617
2023-09-15,0.02096293661880804
2023-09-16,0.007611269825797283
2023-09-17,-0.025049276446439145
2023-09-18,0.0154054471695012
2023-09-19,0.014113700234216785
2023-09-20,-0.003384896191166492
2023-09-21,-0.019297850436756546
2023-09-22,0.009495123125259283
2023-09-23,-0.002148401062985976
2023-09-24,-0.012343029083558695
2023-09-25,0.009505139886611622
2023-09-26,-0.00548438792575942
2023-09-27,-0.002356591154049338
2023-09-28,0.02255852283221945
2023-09-29,0.01096707145730075
2023-09-30,0.0110675874237227
2023-10-01,0.03193687067597687
2023-10-02,-0.033886533744071766
2023-10-03,-0.009906894919844056
2023-10-04,0.0004165645964922061
2023-10-05,-0.01587156253032314
2023-10-06,0.016460514770824896
2023-10-07,-0.0013335829401387952
2023-10-08,-0.00029993907003863834
2023-10-09,-0.0426442323022059
2023-10-10,-0.0011386003877687514
2023-10-11,-0.005333267051067707
2023-10-12,-0.011278808324317735
2023-10-13,0.01320212809750589
2023-10-14,0.0013026339278038757
2023-10-15,0.002997397391012374
2023-10-16,0.014699808363976965
2023-10-17,-0.011606348345143675
2023-10-18,-0.010224765380030785
2023-10-19,0.0005819649137250841
2023-10-20,0.02445764512157834
2023-10-21,0.03520294369143664
2023-10-22,0.01979956302641579
2023-10-23,0.05571830108303906
2023-10-24,0.007252101985926676
2023-10-25,0.013241966129164435
2023-10-26,-0.00010225086020370779
2023-10-27,-0.0113340360759708
2023-10-28,0.01845400664854318
2023-10-29,0.02464763670270745
2023-10-30,0.010718285483360214
2023-10-31,-0.004601603825775447
2023-11-01,0.04574239200179852
2023-11-02,-0.007985524792775738
2023-11-03,0.00474555796178265
2023-11-04,0.020609557843752655
2023-11-05,0.02436083931078847
2023-11-06,0.03571666058544959
2023-11-07,-0.017068510437709246
2023-11-08,0.023881728955676175
2023-11-09,0.0032460467842269046
2023-11-10,0.040468074508525104
2023-11-11,0.015570292072349423
2023-11-12,0.0263153651974429
2023-11-13,-0.03926471109765667
2023-11-14,-0.01669904963374969
2023-11-15,0.060643495420856154
2023-11-16,-0.017875788318238016
2023-11-17,-0.009618099198310703
2023-11-18,-0.014265564847908016
2023-11-19,0.03719509280030326
2023-11-20,-0.019358203891581906
2023-11-21,-0.07609951241010986
2023-11-22,0.06596830113291638
2023-11-23,0.00805556455032121
2023-11-24,0.014704693735891873
2023-11-25,0.024311604504469928
2023-11-26,-0.0036945430055166525
2023-11-27,-0.01184030874832739
2023-11-28,0.01987690532201795
2023-11-29,-0.009624759779480822
2023-11-30,0.010438646386423299
2023-12-01,0.018900130871848265
2023-12-02,0.012130499993496186
2023-12-03,-0.0030731469269581436
2023-12-04,0.02414787111919958
2023-12-05,0.03298453003744434
2023-12-06,-0.0005806705098838653
2023-12-07,0.02746993921779878
2023-12-08,0.043972365891409154
2023-12-09,0.013625217961417193
2023-12-10,0.010966192976513838
2023-12-11,-0.05783221852417763
2023-12-12,0.005859803031660841
2023-12-13,0.019564723380646423
2023-12-14,0.020444203244115874
2023-12-15,-0.04691047002988425
2023-12-16,0.021932797461978897
2023-12-17,-0.018564969474897088
2023-12-18,0.005206282241494159
2023-12-19,-0.014616552256711879
2023-12-20,0.04671549897176029
2023-12-21,0.0529798463537109
2023-12-22,0.023849958969724337
2023-12-23,0.007628285028820145
2023-12-24,0.002278735660394654
2023-12-25,0.03961273320279658
2023-12-26,-0.004416803240932931
2023-12-27,0.022088061765819768
2023-12-28,-0.024817557983419683
2023-12-29,-0.010512628525311384
2023-12-30,-0.0030171442851038123
2023-12-31,-0.004516909726272413
2024-01-01,0.04869598710227134
2024-01-02,-0.01747729500131518
2024-01-03,-0.0685206404806658
2024-01-04,0.03212481708134364
2024-01-05,-0.020110585100436132
2024-01-06,-0.024893737787230096
2024-01-07,-0.03852913286902521
2024-01-08,0.04688037694802055
2024-01-09,-0.034606646344377504
2024-01-10,0.0797764776487649
2024-01-11,0.033273086885279975
2024-01-12,-0.051726658097124976
2024-01-13,0.014051128583040823
2024-01-14,-0.030179551699237916
2024-01-15,0.02152991458400982
2024-01-16,0.015100148187139175
2024-01-17,-0.010595519822175907
2024-01-18,-0.04945688314800004
2024-01-19,0.0040136760071970866
2024-01-20,0.009249360029272777
2024-01-21,-0.0184282754874919
2024-01-22,-0.04567682363155848
2024-01-23,-0.020232061208746037
2024-01-24,0.013594845538700284
2024-01-25,-0.007477368828784946
2024-01-26,0.05061491406559359
2024-01-27,0.0018932756160358786
2024-01-28,-0.009276091242879859
2024-01-29,0.020421439822507263
2024-01-30,-0.003134141419601854
2024-01-31,-0.0372793665537246
2024-02-01,0.010275675710140758
2024-02-02,0.008070335872390361
2024-02-03,-0.015915557126646426
2024-02-04,-0.010124840991781736
2024-02-05,0.004144559448272351
2024-02-06,-0.007979756071968753
2024-02-07,0.04175602049511253
2024-02-08,-0.0021590070026361306
2024-02-09,0.031436179984518774
2024-02-10,0.0014888385276959077
2024-02-11,0.004619207491880144
2024-02-12,0.04564418863515822
2024-02-13,-0.02272287645393384
2024-02-14,0.03456448341385868
2024-02-15,0.030543833162869363
2024-02-16,-0.010497968831421541
2024-02-17,-0.01431661827261092
2024-02-18,0.021424914753949423
2024-02-19,0.02148517563437586
2024-02-20,-0.011659324262615782
2024-02-21,-0.030505772573407072
2024-02-22,0.0035129032886111007
2024-02-23,0.0032462554833515454
2024-02-24,0.047503296731569576
2024-02-25,0.013159780262324278
2024-02-26,0.037377847346681946
2024-02-27,0.01176421598474066
2024-02-28,0.02576444857455977
2024-02-29,0.004736442340566161
2024-03-01,0.06567514880918969
2024-03-02,0.03953526381967405
2024-03-03,-0.00927329114036224
2024-03-04,0.026288343178846044
2024-03-05,-0.06263798115696499
2024-03-06,0.09108418045704025
2024-03-07,0.04539068607165788
2024-03-08,-0.008675954127066683
2024-03-09,0.008536327159450284
2024-03-10,0.0019960822032485683
2024-03-11,0.049254960860317686
2024-03-12,-0.0056420225238255125
2024-03-13,0.02402446403911382
2024-03-14,0.005542775675577749
2024-03-15,-0.03859957453530614
2024-03-16,-0.07898249789650148
2024-03-17,0.04012697610913696
2024-03-18,-0.042000561178501254
2024-03-19,-0.054988560548421724
2024-03-20,0.0948358936585834
2024-03-21,-0.020729856791900793
2024-03-22,-0.023480169154931358
2024-03-23,0.018713034000303906
2024-03-24,0.031430311655726316
2024-03-25,0.03570499646445135
2024-03-26,0.020951299705469342
2024-03-27,-0.03812938777888284
2024-03-28,0.010702629799095607
2024-03-29,0.0012998583802312218
2024-03-30,-0.009182469139196367
2024-03-31,0.015846402999805255
2024-04-01,-0.04130935064942535
2024-04-02,-0.06663326868975622
2024-04-03,-0.005834417194731881
2024-04-04,0.01948246272808406
2024-04-05,-0.01012826817841086
2024-04-06,0.01818111506037559
2024-04-07,0.012342278757381026
2024-04-08,0.05601244507612363
2024-04-09,-0.04889025575595067
2024-04-10,-0.004749215196716609
2024-04-11,-0.01265608276163559
2024-04-12,-0.12863498046725155
2024-04-13,-0.11195389199594664
2024-04-14,0.061718955066761456
2024-04-15,-0.029881718236477565
2024-04-16,0.004153940261071757
2024-04-17,-0.011676523213211354
2024-04-18,0.006530125010481753
2024-04-19,0.017836052478307426
2024-04-20,0.06428709241149157
2024-04-21,-0.012402805701338528
2024-04-22,0.04167818024801983
2024-04-23,-0.021248448351974925
2024-04-24,-0.017644675257746947
2024-04-25,-0.004460421184593897
2024-04-26,-0.009809233103097696
2024-04-27,0.012217141717449743
2024-04-28,-0.018009890120096593
2024-04-29,-0.003800862490176592
2024-04-30,-0.05304252317909998
2024-05-01,0.005114027651994301
2024-05-02,0.008839756454099252
2024-05-03,0.039156110879083446
2024-05-04,-0.0013132109735865343
2024-05-05,0.011064714154147956
2024-05-06,-0.0051506866559067185
2024-05-07,-0.02702473373909174
2024-05-08,-0.00923602385706213
2024-05-09,0.03102597641688336
2024-05-10,-0.03718897467416029
2024-05-11,-0.008320572649162963
2024-05-12,0.00210714537976843
2024-05-13,-0.00465067386911865
2024-05-14,-0.024438852575337663
2024-05-15,0.06584246368848266
2024-05-16,-0.007050006528443667
2024-05-17,0.019190769716605965
2024-05-18,0.011780647893826384
2024-05-19,-0.020620241599822117
2024-05-20,0.09372545173563289
2024-05-21,0.003480419204414377
2024-05-22,-0.029446414794700712
2024-05-23,-0.005486291185972551
2024-05-24,0.013482382764725907
2024-05-25,0.013704620606216966
2024-05-26,-0.022283464389639324
2024-05-27,0.028453753633471694
2024-05-28,-0.014148149865121935
2024-05-29,-0.008793887207710308
2024-05-30,-0.013294238959296528
2024-05-31,-0.0016340981448870503
2024-06-01,0.004222842972752045
2024-06-02,-0.01681262840153421
2024-06-03,0.00854978153942414
2024-06-04,0.017622176980568775
2024-06-05,0.019193713378862463
2024-06-06,-0.014123936219390105
2024-06-07,-0.054832205029414736
2024-06-08,-0.031198777922910988
2024-06-09,0.013423964119474174
2024-06-10,-0.018491381554196572
2024-06-11,-0.04666979218240631
2024-06-12,0.045768305244644744
2024-06-13,-0.04570489014021053
2024-06-14,-0.03247645739374449
2024-06-15,0.024287801407784967
2024-06-16,0.00526995645834688
2024-06-17,-0.05539717805640076
2024-06-18,-0.04477275715815095
2024-06-19,0.02463214975367346
2024-06-20,-0.0040401816350324575
2024-06-21,-0.00453322214283641
2024-06-22,-0.0027111288277967636
2024-06-23,-0.018087417661466904
2024-06-24,0.01168644780682353
2024-06-25,0.02370478151204677
2024-06-26,-0.015216929663446996
2024-06-27,0.022188604718018888
2024-06-28,-0.03038869532325047
2024-06-29,-0.00044551979471571057
2024-06-30,0.03250743987997355
2024-07-01,-0.004878920055533997
2024-07-02,0.007004622146343536
2024-07-03,-0.051800090297126726
2024-07-04,-0.0855585075078119
2024-07-05,-0.016337332110140008
2024-07-06,0.06083294559988395
2024-07-07,-0.060097326533145125
2024-07-08,0.03797129004502354
2024-07-09,0.02450916814934712
2024-07-10,0.010748189656604457
2024-07-11,-0.012418709022552368
2024-07-12,0.023069929984089393
2024-07-13,0.02470850215487455
2024-07-14,0.024816012011058604
2024-07-15,0.052037051440262036
2024-07-16,-0.0036275618571541533
2024-07-17,-0.006043107944289009
2024-07-18,-0.013720714534832461
2024-07-19,0.03875105035325963
2024-07-20,0.004176333735346935
2024-07-21,0.017717476568578635
2024-07-22,-0.03512763966923309
2024-07-23,-0.01982289454173595
2024-07-24,-0.019113818152462766
2024-07-25,-0.023490381413859732
2024-07-26,0.042207270825678045
2024-07-27,0.0017699891342236435
2024-07-28,-0.011611732247923685
2024-07-29,-0.0012337357298459635
2024-07-30,-0.017579586867523773
2024-07-31,-0.021268220012545247
2024-08-01,-0.006811211233734332
2024-08-02,-0.06165801929395438
2024-08-03,-0.03307833232242251
2024-08-04,-0.047058870903929045
2024-08-05,-0.0716404528479106
2024-08-06,0.04200641613469998
2024-08-07,-0.022724315195387135
2024-08-08,0.1070665895644702
2024-08-09,-0.016982943797590785
2024-08-10,0.008521170773715782
2024-08-11,-0.060201374249928816
2024-08-12,0.04915288087846412
2024-08-13,0.007432591621326656
2024-08-14,-0.01594205446120925
2024-08-15,-0.02308956142170291
2024-08-16,0.002708927786950406
2024-08-17,0.011880063578596358
2024-08-18,-0.005030943357318796
2024-08-19,0.018295152002818255
2024-08-20,0.013275086748813957
2024-08-21,0.037360057630777994
2024-08-22,0.01060449119103886
2024-08-23,0.062164232020340285
2024-08-24,0.010944019994572349
2024-08-25,-0.019700715831294232
2024-08-26,-0.04066312839611586
2024-08-27,-0.0505189885070498
2024-08-28,-0.01012661436386974
2024-08-29,-0.003343721123783032
2024-08-30,0.002538273364990737
2024-08-31,-0.013431390207911745
2024-09-01,-0.041668570687860396
2024-09-02,0.03955195483308322
2024-09-03,-0.04010874073733957
2024-09-04,0.025959774232968275
2024-09-05,-0.024485828129802586
2024-09-06,-0.02778499111983784
2024-09-07,0.01593579936502923
2024-09-08,0.023044273471685472
2024-09-09,0.04323203668712645
2024-09-10,0.009092425227284937
2024-09-11,-0.013382206960340847
2024-09-12,0.02539518581770353
2024-09-13,0.020483549527566498
2024-09-14,-0.009274227914563709
2024-09-15,-0.02593037766071747
2024-09-16,-0.018776060737619026
2024-09-17,0.02175290893075994
2024-09-18,0.026123592874116305
2024-09-19,0.03032239477791881
2024-09-20,0.02004629501320582
2024-09-21,0.0240350847529392
2024-09-22,-0.019470983607095333
2024-09-23,0.012209489955412333
2024-09-24,0.02381360422469292
2024-09-25,-0.0076541574353332295
2024-09-26,0.03262994100765035
2024-09-27,0.021885669336112662
2024-09-28,-0.01025446366337996
2024-09-29,-0.00042010683387444194
2024-09-30,-0.046381842871740735
2024-10-01,-0.060393904063793864
2024-10-02,-0.020650196332089785
2024-10-03,-0.008247477628886635
2024-10-04,0.03464268124197892
2024-10-05,-0.00535763432348376
2024-10-06,0.021200771427067416
2024-10-07,-0.008788804071015687
2024-10-08,-0.01291619953349039
2024-10-09,-0.017607814800834686
2024-10-10,0.0010078550079131014
2024-10-11,0.03298669154804071
2024-10-12,0.013075687254199147
2024-10-13,-0.007869712544505626
2024-10-14,0.04112073491303134
2024-10-15,-0.003924864209497977
2024-10-16,-0.008610806332131023
2024-10-17,-0.016708207020218836
2024-10-18,0.027153214468786678
2024-10-19,0.011172361527492037
2024-10-20,0.040915285992488414
2024-10-21,-0.025881232435144858
2024-10-22,-0.006702549135931367
2024-10-23,-0.03229916409826148
2024-10-24,0.016761680024293
2024-10-25,-0.06904218296407814
2024-10-26,0.015986349464853198
2024-10-27,0.017315655221794506
2024-10-28,0.011588962923498312
2024-10-29,0.030052598259186228
2024-10-30,-0.0060439292979408985
2024-10-31,-0.04855778602260655
2024-11-01,-0.004487170144349698
2024-11-02,-0.01343770014142127
2024-11-03,-0.029093534286612467
2024-11-04,-0.019651556726630767
2024-11-05,0.038651299325724475
2024-11-06,0.10003999485022787
2024-11-07,0.016079893011798293
2024-11-08,0.023322757690408966
2024-11-09,0.034186745572696256
2024-11-10,0.058720569123426894
2024-11-11,0.0639110126576018
2024-11-12,-0.01926636531090228
2024-11-13,-0.033505931283032864
2024-11-14,-0.030276813579505103
2024-11-15,0.04707539575076416
2024-11-16,0.09891353850745041
2024-11-17,-0.0458783265076272
2024-11-18,0.08310736226905878
2024-11-19,-0.019333575205505233
2024-11-20,-0.024144371939905512
2024-11-21,0.057244329051587856
2024-11-22,0.06688927977797729
2024-11-23,0.08101769371240027
2024-11-24,0.062156690624103714
2024-11-25,-0.036130757246703865
2024-11-26,-0.004111953074557223
2024-11-27,0.0612650247107853
2024-11-28,-0.0046706599706381365
2024-11-29,0.04838709425804167
2024-11-30,0.045750981338192734
2024-12-01,0.01609539881890561
2024-12-02,0.040375239946800694
2024-12-03,0.04753335582525198
2024-12-04,0.023784764036853413
2024-12-05,-0.0067845239552189514
2024-12-06,0.04281085431085337
2024-12-07,-0.005839612670479837
2024-12-08,0.015550228129486832
2024-12-09,-0.14902172289948354
2024-12-10,-0.012323006818782924
2024-12-11,0.05935636636318273
2024-12-12,0.02680515670670791
2024-12-13,0.007779439713611173
2024-12-14,-0.04692625789073467
2024-12-15,0.040379453364301536
2024-12-16,-0.009912831584762399
2024-12-17,-0.01863188534430195
2024-12-18,-0.08830916499916222
2024-12-19,-0.07426428410483214
2024-12-20,0.029265002660194966
2024-12-21,-0.05197256355607324
2024-12-22,-0.005301216944197195
2024-12-23,0.0677289411247294
2024-12-24,0.04866711552230758
2024-12-25,-0.008155762017159568
2024-12-26,-0.05673476481888616
2024-12-27,-0.002245500631721384
2024-12-28,0.022919591121012335
2024-12-29,-0.027380265492928723
2024-12-30,-0.0026494363795761993
2024-12-31,-0.014781981678911028
2025-01-01,0.05020064708807371
2025-01-02,0.01529999951733286
2025-01-03,0.07028222014097764
2025-01-04,0.005972937941355375
2025-01-05,-0.004995223580402962
2025-01-06,0.005179233269546748
2025-01-07,-0.07568249914056514
2025-01-08,-0.027993295075315432
2025-01-09,-0.026945547399107886
2025-01-10,0.03064252931285364
2025-01-11,0.002824180616603153
2025-01-12,-0.015504017639879252
2025-01-13,-0.021553308065185267
2025-01-14,0.02554866441022539
2025-01-15,0.061401548419747806
2025-01-16,-0.006512416437232109
2025-01-17,0.06745440674821097
2025-01-18,-0.049279093503186794
2025-01-19,-0.07939945247447279
2025-01-20,0.014638296346242096
2025-01-21,0.024635034075874477
2025-01-22,-0.024065198615171236
2025-01-23,0.006814108561473804
2025-01-24,-0.012111368320505704
2025-01-25,0.014724024948470258
2025-01-26,-0.03428524533915038
2025-01-27,-0.010249945881739076
2025-01-28,-0.03126784678716933
2025-01-29,0.014217809085943396
2025-01-30,0.04580513007604317
2025-01-31,0.01066523292686951
2025-02-01,-0.07116979263807993
2025-02-02,-0.09888221063925157
2025-02-03,0.024727566980605006
2025-02-04,-0.058118269096325
2025-02-05,-0.017207873058089882
2025-02-06,-0.03736103888018398
2025-02-07,0.005674821360292888
2025-02-08,0.022743702575734236
2025-02-09,-0.005231000071073724
2025-02-10,0.02229954633603296
2025-02-11,-0.003096634501691186
2025-02-12,0.04614465217707929
2025-02-13,-0.018108335597580908
2025-02-14,0.02065995051660274
2025-02-15,-0.02856781768924141
2025-02-16,0.0002676301312206108
2025-02-17,0.001311113937370236
2025-02-18,-0.03887454995947309
2025-02-19,0.024243448568792108
2025-02-20,0.02503649321732079
2025-02-21,-0.03164581258116389
2025-02-22,0.02542440135512058
2025-02-23,-0.015163800277609362
2025-02-24,-0.08575676015867767
2025-02-25,0.010759716228710714
2025-02-26,-0.00923387983911065
2025-02-27,0.008331183956586153
2025-02-28,-0.004418275115101193
2025-03-01,0.0002520112110857853
2025-03-02,0.10864676398042768
2025-03-03,-0.12942386082298338
2025-03-04,-0.0018080005345445468
2025-03-05,0.03707205606231987
2025-03-06,-0.01720810546273158
2025-03-07,-0.01416104544979965
2025-03-08,-0.015197412172014058
2025-03-09,-0.07643160726160937
2025-03-10,-0.04230813160711391
2025-03-11,0.04434077751307271
2025-03-12,0.020046517394568104
2025-03-13,-0.017733150615950675
2025-03-14,0.030578698114556234
2025-03-15,0.019729745826226407
2025-03-16,-0.04023447895671442
2025-03-17,0.03706386490239557
2025-03-18,-0.005389249071473836
2025-03-19,0.04209226396951423
2025-03-20,-0.029679100077364084
2025-03-21,-0.01647657892608685
2025-03-22,0.01322341186400976
2025-03-23,0.008499576634030595
2025-03-24,0.036005375627394184
2025-03-25,0.011089766922981364
2025-03-26,-0.012605429015221577
2025-03-27,0.00458367825599934
2025-03-28,-0.059980204229219077
2025-03-29,-0.04159324344786186
2025-03-30,-0.003241788912727214
2025-03-31,-0.0009368028842056814
2025-04-01,0.02711495985639469
2025-04-02,-0.05113399827756063
2025-04-03,0.00963224629643661
2025-04-04,0.00931204532397629
2025-04-05,-0.014441462178449016
2025-04-06,-0.08852342671041172
2025-04-07,0.012138920601938594
2025-04-08,-0.04139266167948403
2025-04-09,0.09701990850174048
2025-04-10,-0.04135349147336335
2025-04-11,0.024872023710222395
2025-04-12,0.04510315897586805
2025-04-13,-0.03757910727204813
2025-04-14,0.01056542164556245
2025-04-15,-0.022867806816963192
2025-04-16,-0.002324500096342389
2025-04-17,0.010911646364403725
2025-04-18,0.013164070317123093
2025-04-19,0.026075801777881612
2025-04-20,0.007949465349588033
2025-04-21,0.001844564561986074
2025-04-22,0.06191351695261659
2025-04-23,0.014148621122466487
2025-04-24,0.018034853642096182
2025-04-25,0.007331508429269618
2025-04-26,0.010696873858851257
2025-04-27,-0.02662992339762652
2025-04-28,0.01744987493464569
2025-04-29,-0.01822920966633288
2025-04-30,-0.0028177352013186974
2025-05-01,0.01940471830868648
2025-05-02,-0.0003354791857065663
2025-05-03,-0.031535941621903346
2025-05-04,-0.02530385972861622
2025-05-05,0.002814680416185181
2025-05-06,-0.0028510339654156604
2025-05-07,0.014924524658205181
2025-05-08,0.1157281901202704
2025-05-09,0.04150050403503143
2025-05-10,0.074937170549616
2025-05-11,-0.029374141747552384
2025-05-12,0.0016895048726011902
2025-05-13,0.027584123039116493
2025-05-14,-0.035260373171549085
2025-05-15,-0.044248020712003705
2025-05-16,-0.018034880313765794
2025-05-17,-0.024715332897873563
2025-05-18,0.04068357454140961
2025-05-19,-0.0216496148094929
2025-05-20,0.007743967290250571
2025-05-21,0.0158983078333756
2025-05-22,0.04197111771167975
2025-05-23,-0.06196577361943171
2025-05-24,-0.00036409901881737816
2025-05-25,0.0037648036857537105
2025-05-26,-0.00301797169674203
2025-05-27,0.015681451727612927
2025-05-28,-0.0032037752627156104
2025-05-29,-0.030716868407518607
2025-05-30,-0.07027547977760647
2025-05-31,0.007598308208995902
2025-06-01,0.007629218894028606
2025-06-02,0.019127117654908418
2025-06-03,-0.00257479766893088
2025-06-04,-0.020292516860416804
2025-06-05,-0.049213121130203694
2025-06-06,0.02367906644938282
2025-06-07,0.02744934484775936
2025-06-08,-0.00336787179651679
2025-06-09,0.03860887925644337
2025-06-10,0.03455706583665521
2025-06-11,-0.028009660872233968
2025-06-12,-0.04847988971602907
2025-06-13,-0.023998535744868373
2025-06-14,-0.00933757171634443
2025-06-15,0.0006914520778898857
2025-06-16,0.0045881501349734274
2025-06-17,-0.028942212801875544
2025-06-18,0.005191090041165255
2025-06-19,-0.002120060138629532
2025-06-20,-0.02442564705149437
2025-06-21,-0.03574942341982643
2025-06-22,-0.02339119549259034
2025-06-23,0.08481786456122435
2025-06-24,0.015798058890553964
2025-06-25,-0.0205324557083816
2025-06-26,-0.022302502511153018
2025-06-27,0.010988114719114
2025-06-28,0.016595862144013398
2025-06-29,0.030550262340618264
2025-06-30,-0.025575503777702135
2025-07-01,-0.03593508335587204
2025-07-02,0.05653419842333392
2025-07-03,0.008275054573434009
2025-07-04,-0.0403418071371431
2025-07-05,0.0028225538163813607
2025-07-06,0.017014588593511026
2025-07-07,-0.01052630294272867
2025-07-08,0.017843008027127395
2025-07-09,0.04336181952841241
2025-07-10,0.057836027248963466
2025-07-11,0.01651845139428219
2025-07-12,0.00018498779750344206
2025-07-13,0.02715053650415357
2025-07-14,0.003300362857907635
2025-07-15,0.02592350676151151
2025-07-16,0.019618281777505048
2025-07-17,0.025823601545887084
2025-07-18,0.0066173723509933636
2025-07-19,0.0305647299812513
2025-07-20,0.027212604511989733
2025-07-21,0.005408659227996238
2025-07-22,0.0006715393242091418
2025-07-23,-0.06814600573727152
2025-07-24,-0.017011559080034905
2025-07-25,0.019617345079732177
2025-07-26,0.007752476407741586
2025-07-27,0.023191193652717924
2025-07-28,-0.04842097095822227
2025-07-29,-0.003187662174797541
2025-07-30,-0.01618544877884183
2025-07-31,-0.03750980876511293
2025-08-01,-0.028002076720140216
2025-08-02,-0.021259959202133007
2025-08-03,0.030472228071129048
2025-08-04,0.038374510351140374
2025-08-05,-0.030844426161044138
2025-08-06,0.013290462360481597
2025-08-07,0.04494455954451507
2025-08-08,0.01700666923498027
2025-08-09,0.029916806753298233
2025-08-10,-0.006814820245281187
2025-08-11,-0.037771980036686664
2025-08-12,0.053416075783262525
2025-08-13,0.03628272753339259
2025-08-14,-0.06686194021191494
2025-08-15,-0.009394736308309327
2025-08-16,0.019716711447428863
2025-08-17,0.007598979476539099
2025-08-18,-0.031108891983140388
2025-08-19,-0.040724446863821075
2025-08-20,0.04233311297996153
2025-08-21,-0.022545105759160626
2025-08-22,0.08203970694965616
2025-08-23,-0.004979778344957566
2025-08-24,-0.016041921013334192
2025-08-25,-0.06931025417804759
2025-08-26,0.03713097740576376
2025-08-27,-0.00854857929247525
2025-08-28,0.024369919912111956
2025-08-29,-0.04172673419509145
2025-08-30,0.005381437801215266
2025-08-31,-0.0026031699059608886
2025-09-01,-0.017659281224626358
2025-09-02,0.026120248469236596
2025-09-03,0.010775954894890707
2025-09-04,-0.03140049310584364
2025-09-05,0.017072928525615868
2025-09-06,-0.007535221785124151
2025-09-07,0.014940128471280217
2025-09-08,0.02126616387458221
2025-09-09,0.0015771960335812139
2025-09-10,0.015306373904468033
2025-09-11,0.014493592074827926
2025-09-12,0.021013568311767136
2025-09-13,0.011147662092585274
2025-09-14,-0.030829743530305036
2025-09-15,-0.025201150772604815
2025-09-16,0.013504134191223609
2025-09-17,0.02340252549850383
2025-09-18,0.014589129962088474
2025-09-19,-0.03518758795368933
2025-09-20,0.0039303038397606365
2025-09-21,-0.012768109419072405
2025-09-22,-0.055815675782300914
2025-09-23,-0.00635077025412514
2025-09-24,0.013607264498885963
2025-09-25,-0.0543295814816833
2025-09-26,0.03747726938791947
2025-09-27,-0.005335851629450916
2025-09-28,0.018018714465893013
2025-09-29,0.00032286956915164084
2025-09-30,-0.009538952072638463
2025-10-01,0.04925151760800081
2025-10-02,0.022783935335068506
2025-10-03,0.00492345700511513
2025-10-04,-0.021681136860617064
2025-10-05,-0.004237862697735319
2025-10-06,0.027615410248566903
2025-10-07,-0.04066713857310253
2025-10-08,0.019134960130739332
2025-10-09,-0.014871394095167485
2025-10-10,-0.20262176169696244
2025-10-11,0.003233103286972011
2025-10-12,0.10092940076177204
2025-10-13,0.04785319616507194
2025-10-14,-0.033049531953313574
2025-10-15,-0.04038571278730825
2025-10-16,-0.035390918109382934
2025-10-17,-0.02313391435481009
2025-10-18,0.011745241876445902
2025-10-19,0.019102897405264288
2025-10-20,0.011706579837949937
2025-10-21,-0.026069560828078164
2025-10-22,-0.019512067093981053
2025-10-23,0.021145348646244025
2025-10-24,0.01652246499213878
2025-10-25,-0.0025692119363035556
2025-10-26,0.02814758378058396
2025-10-27,-0.01825279203558466
2025-10-28,-0.022951790687192507
2025-10-29,0.00126508330980864
2025-10-30,-0.051391685430038886
2025-10-31,0.011913499551864094
2025-11-01,0.022767369428972856
2025-11-02,0.007562805159079993
2025-11-03,-0.0950687759740367
2025-11-04,-0.03168169526399128
2025-11-05,0.03975941482956886
2025-11-06,-0.0011689793139276123
2025-11-07,0.12242944091503227
2025-11-08,-0.016145627424519905
2025-11-09,0.006655409186658421
2025-11-10,0.017913093352479866
2025-11-11,-0.055460615250359876
2025-11-12,-0.01390409433869501
2025-11-13,-0.024088387211209067
2025-11-14,-0.03588775840278844
2025-11-15,0.016725371085726623
2025-11-16,-0.02400540034324645
2025-11-17,-0.02522351265015907
2025-11-18,0.026267465670473618
2025-11-19,-0.02092552173312077
2025-11-20,-0.041078518244220846
2025-11-21,-0.0441568089717153
2025-11-22,-0.00324682323628155
2025-11-23,0.007445922061166662
2025-11-24,0.03457026582858072
2025-11-25,-0.0007183097949877873
2025-11-26,0.011372415850830753
2025-11-27,0.0027843948934539293
2025-11-28,-0.010418928031882295
2025-11-29,-0.01118138841860199
2025-11-30,-0.012590325928839163
2025-12-01,-0.05501043718956963
2025-12-02,0.0563187706278994
2025-12-03,0.03296128590778688
2025-12-04,-0.029507457451839855
2025-12-05,-0.03691880192555638
2025-12-06,0.011701649745187946
2025-12-07,-0.014977588651812842
2025-12-08,0.01907372554897198
2025-12-09,0.03646538488936393
2025-12-10,-0.016141401226573367
2025-12-11,-0.018786960574533936
2025-12-12,-0.019254998336231798
2025-12-13,0.009776879485481456
2025-12-14,-0.036148065762209
2025-12-15,-0.03031347754030497
2025-12-16,0.004065808506457181
2025-12-17,-0.043429169583504554
2025-12-18,-0.025877980038232922
2025-12-19,0.057648736679195005
2025-12-20,0.0027006626937914322
2025-12-21,-0.020043679125656588
2025-12-22,0.002648865192727253
2025-12-23,-0.008508794943495613
2025-12-24,-0.001736721128945377
2025-12-25,-0.016905790428837792
2025-12-26,0.016070056311266612
2025-12-27,0.0236030800932858
2025-12-28,-0.0082449702017953
2025-12-29,-0.01779347602325547
2025-12-30,0.004180823700500353
2025-12-31,-0.020507895283660565
2026-01-01,0.04987149123725202
2026-01-02,0.034766732012037
2026-01-03,0.006977913873335049
