Date,Treasury_10Y,Treasury_3M,TBill_3M,Term_Spread
2021-01-04,0.93,0.09,0.09,0.8400000000000001
2021-01-05,0.96,0.09,0.09,0.87
2021-01-06,1.04,0.09,0.09,0.9500000000000001
2021-01-07,1.08,0.09,0.09,0.9900000000000001
2021-01-08,1.13,0.08,0.08,1.0499999999999998
2021-01-11,1.15,0.08,0.08,1.0699999999999998
2021-01-12,1.15,0.09,0.09,1.0599999999999998
2021-01-13,1.1,0.09,0.09,1.01
2021-01-14,1.15,0.09,0.09,1.0599999999999998
2021-01-15,1.11,0.09,0.09,1.02
2021-01-18,,,,
2021-01-19,1.1,0.09,0.09,1.01
2021-01-20,1.1,0.08,0.08,1.02
2021-01-21,1.12,0.09,0.09,1.03
2021-01-22,1.1,0.08,0.08,1.02
2021-01-25,1.05,0.09,0.09,0.9600000000000001
2021-01-26,1.05,0.07,0.07,0.98
2021-01-27,1.04,0.08,0.08,0.9600000000000001
2021-01-28,1.07,0.07,0.07,1.0
2021-01-29,1.11,0.06,0.06,1.05
2021-02-01,1.09,0.07,0.07,1.02
2021-02-02,1.12,0.07,0.07,1.05
2021-02-03,1.15,0.04,0.04,1.1099999999999999
2021-02-04,1.15,0.04,0.04,1.1099999999999999
2021-02-05,1.19,0.03,0.03,1.16
2021-02-08,1.19,0.05,0.05,1.14
2021-02-09,1.18,0.04,0.04,1.14
2021-02-10,1.15,0.05,0.05,1.0999999999999999
2021-02-11,1.16,0.05,0.05,1.1099999999999999
2021-02-12,1.2,0.04,0.04,1.16
2021-02-15,,,,
2021-02-16,1.3,0.04,0.04,1.26
2021-02-17,1.29,0.04,0.04,1.25
2021-02-18,1.29,0.03,0.03,1.26
2021-02-19,1.34,0.04,0.04,1.3
2021-02-22,1.37,0.03,0.03,1.34
2021-02-23,1.37,0.04,0.04,1.33
2021-02-24,1.38,0.03,0.03,1.3499999999999999
2021-02-25,1.54,0.04,0.04,1.5
2021-02-26,1.44,0.04,0.04,1.4
2021-03-01,1.45,0.05,0.05,1.4
2021-03-02,1.42,0.04,0.04,1.38
2021-03-03,1.47,0.05,0.05,1.42
2021-03-04,1.54,0.04,0.04,1.5
2021-03-05,1.56,0.04,0.04,1.52
2021-03-08,1.59,0.05,0.05,1.54
2021-03-09,1.55,0.05,0.05,1.5
2021-03-10,1.53,0.04,0.04,1.49
2021-03-11,1.54,0.04,0.04,1.5
2021-03-12,1.64,0.04,0.04,1.5999999999999999
2021-03-15,1.62,0.04,0.04,1.58
2021-03-16,1.62,0.02,0.02,1.6
2021-03-17,1.63,0.02,0.02,1.6099999999999999
2021-03-18,1.71,0.01,0.01,1.7
2021-03-19,1.74,0.01,0.01,1.73
2021-03-22,1.69,0.03,0.03,1.66
2021-03-23,1.63,0.01,0.01,1.6199999999999999
2021-03-24,1.62,0.02,0.02,1.6
2021-03-25,1.63,0.02,0.02,1.6099999999999999
2021-03-26,1.67,0.02,0.02,1.65
2021-03-29,1.73,0.03,0.03,1.7
2021-03-30,1.73,0.02,0.02,1.71
2021-03-31,1.74,0.03,0.03,1.71
2021-04-01,1.69,0.02,0.02,1.67
2021-04-02,1.72,0.02,0.02,1.7
2021-04-05,1.73,0.03,0.03,1.7
2021-04-06,1.67,0.02,0.02,1.65
2021-04-07,1.68,0.02,0.02,1.66
2021-04-08,1.64,0.01,0.01,1.63
2021-04-09,1.67,0.02,0.02,1.65
2021-04-12,1.69,0.02,0.02,1.67
2021-04-13,1.64,0.03,0.03,1.6099999999999999
2021-04-14,1.64,0.02,0.02,1.6199999999999999
2021-04-15,1.56,0.02,0.02,1.54
2021-04-16,1.59,0.02,0.02,1.57
2021-04-19,1.61,0.02,0.02,1.59
2021-04-20,1.58,0.03,0.03,1.55
2021-04-21,1.57,0.03,0.03,1.54
2021-04-22,1.57,0.03,0.03,1.54
2021-04-23,1.58,0.03,0.03,1.55
2021-04-26,1.58,0.03,0.03,1.55
2021-04-27,1.63,0.01,0.01,1.6199999999999999
2021-04-28,1.63,0.01,0.01,1.6199999999999999
2021-04-29,1.65,0.01,0.01,1.64
2021-04-30,1.65,0.01,0.01,1.64
2021-05-03,1.63,0.04,0.04,1.5899999999999999
2021-05-04,1.61,0.02,0.02,1.59
2021-05-05,1.59,0.02,0.02,1.57
2021-05-06,1.58,0.02,0.02,1.56
2021-05-07,1.6,0.02,0.02,1.58
2021-05-10,1.63,0.02,0.02,1.6099999999999999
2021-05-11,1.64,0.01,0.01,1.63
2021-05-12,1.69,0.02,0.02,1.67
2021-05-13,1.66,0.02,0.02,1.64
2021-05-14,1.63,0.01,0.01,1.6199999999999999
2021-05-17,1.64,0.02,0.02,1.6199999999999999
2021-05-18,1.64,0.02,0.02,1.6199999999999999
2021-05-19,1.68,0.01,0.01,1.67
2021-05-20,1.63,0.01,0.01,1.6199999999999999
2021-05-21,1.63,0.01,0.01,1.6199999999999999
2021-05-24,1.61,0.02,0.02,1.59
2021-05-25,1.56,0.02,0.02,1.54
2021-05-26,1.58,0.02,0.02,1.56
2021-05-27,1.61,0.02,0.02,1.59
2021-05-28,1.58,0.01,0.01,1.57
2021-05-31,,,,
2021-06-01,1.62,0.02,0.02,1.6
2021-06-02,1.59,0.02,0.02,1.57
2021-06-03,1.63,0.02,0.02,1.6099999999999999
2021-06-04,1.56,0.02,0.02,1.54
2021-06-07,1.57,0.02,0.02,1.55
2021-06-08,1.53,0.02,0.02,1.51
2021-06-09,1.5,0.03,0.03,1.47
2021-06-10,1.45,0.03,0.03,1.42
2021-06-11,1.47,0.03,0.03,1.44
2021-06-14,1.51,0.03,0.03,1.48
2021-06-15,1.51,0.03,0.03,1.48
2021-06-16,1.57,0.04,0.04,1.53
2021-06-17,1.52,0.04,0.04,1.48
2021-06-18,1.45,0.05,0.05,1.4
2021-06-21,1.5,0.05,0.05,1.45
2021-06-22,1.48,0.04,0.04,1.44
2021-06-23,1.5,0.05,0.05,1.45
2021-06-24,1.49,0.05,0.05,1.44
2021-06-25,1.54,0.06,0.06,1.48
2021-06-28,1.49,0.05,0.05,1.44
2021-06-29,1.49,0.04,0.04,1.45
2021-06-30,1.45,0.05,0.05,1.4
2021-07-01,1.48,0.05,0.05,1.43
2021-07-02,1.44,0.05,0.05,1.39
2021-07-05,,,,
2021-07-06,1.37,0.05,0.05,1.32
2021-07-07,1.33,0.05,0.05,1.28
2021-07-08,1.3,0.06,0.06,1.24
2021-07-09,1.37,0.06,0.06,1.31
2021-07-12,1.38,0.05,0.05,1.3299999999999998
2021-07-13,1.42,0.05,0.05,1.3699999999999999
2021-07-14,1.37,0.06,0.06,1.31
2021-07-15,1.31,0.05,0.05,1.26
2021-07-16,1.31,0.05,0.05,1.26
2021-07-19,1.19,0.05,0.05,1.14
2021-07-20,1.23,0.05,0.05,1.18
2021-07-21,1.3,0.05,0.05,1.25
2021-07-22,1.27,0.05,0.05,1.22
2021-07-23,1.3,0.05,0.05,1.25
2021-07-26,1.29,0.05,0.05,1.24
2021-07-27,1.25,0.05,0.05,1.2
2021-07-28,1.26,0.05,0.05,1.21
2021-07-29,1.28,0.06,0.06,1.22
2021-07-30,1.24,0.06,0.06,1.18
2021-08-02,1.2,0.05,0.05,1.15
2021-08-03,1.19,0.05,0.05,1.14
2021-08-04,1.19,0.05,0.05,1.14
2021-08-05,1.23,0.05,0.05,1.18
2021-08-06,1.31,0.06,0.06,1.25
2021-08-09,1.33,0.06,0.06,1.27
2021-08-10,1.36,0.05,0.05,1.31
2021-08-11,1.35,0.05,0.05,1.3
2021-08-12,1.36,0.06,0.06,1.3
2021-08-13,1.29,0.06,0.06,1.23
2021-08-16,1.26,0.06,0.06,1.2
2021-08-17,1.26,0.07,0.07,1.19
2021-08-18,1.27,0.07,0.07,1.2
2021-08-19,1.24,0.06,0.06,1.18
2021-08-20,1.26,0.05,0.05,1.21
2021-08-23,1.25,0.05,0.05,1.2
2021-08-24,1.29,0.05,0.05,1.24
2021-08-25,1.35,0.06,0.06,1.29
2021-08-26,1.34,0.05,0.05,1.29
2021-08-27,1.31,0.05,0.05,1.26
2021-08-30,1.29,0.05,0.05,1.24
2021-08-31,1.3,0.04,0.04,1.26
2021-09-01,1.31,0.05,0.05,1.26
2021-09-02,1.29,0.05,0.05,1.24
2021-09-03,1.33,0.05,0.05,1.28
2021-09-06,,,,
2021-09-07,1.38,0.05,0.05,1.3299999999999998
2021-09-08,1.35,0.05,0.05,1.3
2021-09-09,1.3,0.04,0.04,1.26
2021-09-10,1.35,0.05,0.05,1.3
2021-09-13,1.33,0.06,0.06,1.27
2021-09-14,1.28,0.04,0.04,1.24
2021-09-15,1.31,0.04,0.04,1.27
2021-09-16,1.34,0.04,0.04,1.3
2021-09-17,1.37,0.04,0.04,1.33
2021-09-20,1.31,0.04,0.04,1.27
2021-09-21,1.33,0.03,0.03,1.3
2021-09-22,1.32,0.03,0.03,1.29
2021-09-23,1.41,0.03,0.03,1.38
2021-09-24,1.47,0.03,0.03,1.44
2021-09-27,1.48,0.04,0.04,1.44
2021-09-28,1.54,0.04,0.04,1.5
2021-09-29,1.55,0.04,0.04,1.51
2021-09-30,1.52,0.04,0.04,1.48
2021-10-01,1.48,0.04,0.04,1.44
2021-10-04,1.49,0.04,0.04,1.45
2021-10-05,1.54,0.04,0.04,1.5
2021-10-06,1.53,0.04,0.04,1.49
2021-10-07,1.58,0.05,0.05,1.53
2021-10-08,1.61,0.05,0.05,1.56
2021-10-11,,,,
2021-10-12,1.59,0.06,0.06,1.53
2021-10-13,1.56,0.05,0.05,1.51
2021-10-14,1.52,0.05,0.05,1.47
2021-10-15,1.59,0.05,0.05,1.54
2021-10-18,1.59,0.06,0.06,1.53
2021-10-19,1.65,0.05,0.05,1.5999999999999999
2021-10-20,1.65,0.05,0.05,1.5999999999999999
2021-10-21,1.68,0.06,0.06,1.6199999999999999
2021-10-22,1.66,0.06,0.06,1.5999999999999999
2021-10-25,1.64,0.06,0.06,1.5799999999999998
2021-10-26,1.63,0.06,0.06,1.5699999999999998
2021-10-27,1.54,0.06,0.06,1.48
2021-10-28,1.57,0.06,0.06,1.51
2021-10-29,1.55,0.05,0.05,1.5
2021-11-01,1.58,0.05,0.05,1.53
2021-11-02,1.56,0.05,0.05,1.51
2021-11-03,1.6,0.05,0.05,1.55
2021-11-04,1.53,0.04,0.04,1.49
2021-11-05,1.45,0.05,0.05,1.4
2021-11-08,1.51,0.06,0.06,1.45
2021-11-09,1.46,0.04,0.04,1.42
2021-11-10,1.56,0.05,0.05,1.51
2021-11-11,,,,
2021-11-12,1.58,0.05,0.05,1.53
2021-11-15,1.63,0.05,0.05,1.5799999999999998
2021-11-16,1.63,0.05,0.05,1.5799999999999998
2021-11-17,1.6,0.05,0.05,1.55
2021-11-18,1.59,0.05,0.05,1.54
2021-11-19,1.54,0.05,0.05,1.49
2021-11-22,1.63,0.05,0.05,1.5799999999999998
2021-11-23,1.67,0.06,0.06,1.6099999999999999
2021-11-24,1.64,0.06,0.06,1.5799999999999998
2021-11-25,,,,
2021-11-26,1.48,0.06,0.06,1.42
2021-11-29,1.52,0.06,0.06,1.46
2021-11-30,1.43,0.05,0.05,1.38
2021-12-01,1.43,0.06,0.06,1.3699999999999999
2021-12-02,1.44,0.05,0.05,1.39
2021-12-03,1.35,0.06,0.06,1.29
2021-12-06,1.43,0.05,0.06,1.38
2021-12-07,1.48,0.06,0.06,1.42
2021-12-08,1.52,0.07,0.07,1.45
2021-12-09,1.49,0.06,0.06,1.43
2021-12-10,1.48,0.06,0.06,1.42
2021-12-13,1.42,0.05,0.05,1.3699999999999999
2021-12-14,1.44,0.05,0.05,1.39
2021-12-15,1.47,0.05,0.06,1.42
2021-12-16,1.44,0.05,0.05,1.39
2021-12-17,1.41,0.05,0.05,1.3599999999999999
2021-12-20,1.43,0.07,0.07,1.3599999999999999
2021-12-21,1.48,0.07,0.07,1.41
2021-12-22,1.46,0.08,0.08,1.38
2021-12-23,1.5,0.07,0.08,1.43
2021-12-24,,,,
2021-12-27,1.48,0.06,0.06,1.42
2021-12-28,1.49,0.06,0.06,1.43
2021-12-29,1.55,0.05,0.05,1.5
2021-12-30,1.52,0.05,0.05,1.47
2021-12-31,1.52,0.06,0.06,1.46
2022-01-03,1.63,0.08,0.09,1.5499999999999998
2022-01-04,1.66,0.08,0.08,1.5799999999999998
2022-01-05,1.71,0.09,0.09,1.6199999999999999
2022-01-06,1.73,0.1,0.1,1.63
2022-01-07,1.76,0.1,0.1,1.66
2022-01-10,1.78,0.13,0.13,1.65
2022-01-11,1.75,0.11,0.12,1.64
2022-01-12,1.74,0.12,0.12,1.62
2022-01-13,1.7,0.12,0.12,1.58
2022-01-14,1.78,0.13,0.13,1.65
2022-01-17,,,,
2022-01-18,1.87,0.16,0.17,1.7100000000000002
2022-01-19,1.83,0.17,0.17,1.6600000000000001
2022-01-20,1.83,0.17,0.18,1.6600000000000001
2022-01-21,1.75,0.17,0.17,1.58
2022-01-24,1.75,0.19,0.2,1.56
2022-01-25,1.78,0.19,0.2,1.59
2022-01-26,1.85,0.19,0.19,1.6600000000000001
2022-01-27,1.81,0.2,0.2,1.61
2022-01-28,1.78,0.19,0.19,1.59
2022-01-31,1.79,0.22,0.24,1.57
2022-02-01,1.81,0.19,0.2,1.62
2022-02-02,1.78,0.19,0.2,1.59
2022-02-03,1.82,0.2,0.21,1.62
2022-02-04,1.93,0.23,0.23,1.7
2022-02-07,1.92,0.27,0.28,1.65
2022-02-08,1.96,0.25,0.27,1.71
2022-02-09,1.94,0.26,0.27,1.68
2022-02-10,2.03,0.4,0.41,1.63
2022-02-11,1.92,0.36,0.37,1.56
2022-02-14,1.98,0.43,0.45,1.55
2022-02-15,2.05,0.4,0.41,1.65
2022-02-16,2.03,0.38,0.39,1.65
2022-02-17,1.97,0.36,0.37,1.6099999999999999
2022-02-18,1.92,0.35,0.35,1.5699999999999998
2022-02-21,,,,
2022-02-22,1.94,0.37,0.39,1.5699999999999998
2022-02-23,1.99,0.34,0.36,1.65
2022-02-24,1.96,0.32,0.33,1.64
2022-02-25,1.97,0.33,0.33,1.64
2022-02-28,1.83,0.35,0.37,1.48
2022-03-01,1.72,0.32,0.32,1.4
2022-03-02,1.86,0.34,0.33,1.52
2022-03-03,1.86,0.38,0.37,1.48
2022-03-04,1.74,0.34,0.33,1.4
2022-03-07,1.78,0.38,0.38,1.4
2022-03-08,1.86,0.36,0.36,1.5
2022-03-09,1.94,0.38,0.38,1.56
2022-03-10,1.98,0.39,0.38,1.5899999999999999
2022-03-11,2.0,0.4,0.39,1.6
2022-03-14,2.14,0.45,0.45,1.6900000000000002
2022-03-15,2.15,0.46,0.46,1.69
2022-03-16,2.19,0.44,0.43,1.75
2022-03-17,2.2,0.4,0.4,1.8000000000000003
2022-03-18,2.14,0.42,0.41,1.7200000000000002
2022-03-21,2.32,0.54,0.55,1.7799999999999998
2022-03-22,2.38,0.51,0.51,1.8699999999999999
2022-03-23,2.32,0.5,0.5,1.8199999999999998
2022-03-24,2.34,0.52,0.5,1.8199999999999998
2022-03-25,2.48,0.55,0.53,1.93
2022-03-28,2.46,0.59,0.6,1.87
2022-03-29,2.41,0.55,0.56,1.86
2022-03-30,2.35,0.55,0.55,1.8
2022-03-31,2.32,0.52,0.51,1.7999999999999998
2022-04-01,2.39,0.53,0.52,1.86
2022-04-04,2.42,0.66,0.67,1.7599999999999998
2022-04-05,2.54,0.65,0.65,1.8900000000000001
2022-04-06,2.61,0.67,0.67,1.94
2022-04-07,2.66,0.68,0.68,1.98
2022-04-08,2.72,0.7,0.69,2.0200000000000005
2022-04-11,2.79,0.77,0.78,2.02
2022-04-12,2.72,0.74,0.74,1.9800000000000002
2022-04-13,2.7,0.75,0.75,1.9500000000000002
2022-04-14,2.83,0.79,0.78,2.04
2022-04-15,,,,
2022-04-18,2.85,0.81,0.82,2.04
2022-04-19,2.93,0.81,0.82,2.12
2022-04-20,2.85,0.82,0.82,2.0300000000000002
2022-04-21,2.9,0.83,0.82,2.07
2022-04-22,2.9,0.83,0.82,2.07
2022-04-25,2.81,0.91,0.93,1.9
2022-04-26,2.77,0.83,0.84,1.94
2022-04-27,2.82,0.82,0.82,2.0
2022-04-28,2.85,0.82,0.81,2.0300000000000002
2022-04-29,2.89,0.85,0.83,2.04
2022-05-02,2.99,0.9,0.9,2.0900000000000003
2022-05-03,2.97,0.91,0.9,2.06
2022-05-04,2.93,0.89,0.88,2.04
2022-05-05,3.05,0.85,0.84,2.1999999999999997
2022-05-06,3.12,0.85,0.84,2.27
2022-05-09,3.05,0.92,0.92,2.13
2022-05-10,2.99,0.89,0.89,2.1
2022-05-11,2.91,0.91,0.9,2.0
2022-05-12,2.84,0.96,0.95,1.88
2022-05-13,2.93,1.03,1.01,1.9000000000000001
2022-05-16,2.88,1.07,1.07,1.8099999999999998
2022-05-17,2.98,1.06,1.06,1.92
2022-05-18,2.89,1.03,1.02,1.86
2022-05-19,2.84,1.05,1.04,1.7899999999999998
2022-05-20,2.78,1.03,1.01,1.7499999999999998
2022-05-23,2.86,1.07,1.07,1.7899999999999998
2022-05-24,2.76,1.06,1.05,1.6999999999999997
2022-05-25,2.75,1.06,1.05,1.69
2022-05-26,2.75,1.07,1.06,1.68
2022-05-27,2.74,1.08,1.06,1.6600000000000001
2022-05-30,,,,
2022-05-31,2.85,1.16,1.13,1.6900000000000002
2022-06-01,2.94,1.15,1.12,1.79
2022-06-02,2.92,1.17,1.13,1.75
2022-06-03,2.96,1.21,1.17,1.75
2022-06-06,3.04,1.26,1.23,1.78
2022-06-07,2.98,1.26,1.24,1.72
2022-06-08,3.03,1.28,1.25,1.7499999999999998
2022-06-09,3.04,1.3,1.26,1.74
2022-06-10,3.15,1.39,1.34,1.76
2022-06-13,3.43,1.73,1.69,1.7000000000000002
2022-06-14,3.49,1.83,1.78,1.6600000000000001
2022-06-15,3.33,1.74,1.69,1.59
2022-06-16,3.28,1.59,1.54,1.6899999999999997
2022-06-17,3.25,1.63,1.58,1.62
2022-06-20,,,,
2022-06-21,3.31,1.7,1.66,1.61
2022-06-22,3.16,1.61,1.57,1.55
2022-06-23,3.09,1.65,1.59,1.44
2022-06-24,3.13,1.73,1.66,1.4
2022-06-27,3.2,1.79,1.75,1.4100000000000001
2022-06-28,3.2,1.79,1.75,1.4100000000000001
2022-06-29,3.1,1.78,1.73,1.32
2022-06-30,2.98,1.72,1.66,1.26
2022-07-01,2.88,1.73,1.66,1.15
2022-07-04,,,,
2022-07-05,2.82,1.9,1.86,0.9199999999999999
2022-07-06,2.93,1.9,1.85,1.0300000000000002
2022-07-07,3.01,1.95,1.89,1.0599999999999998
2022-07-08,3.09,1.98,1.91,1.1099999999999999
2022-07-11,2.99,2.18,2.13,0.81
2022-07-12,2.96,2.22,2.16,0.7399999999999998
2022-07-13,2.91,2.39,2.33,0.52
2022-07-14,2.96,2.4,2.33,0.56
2022-07-15,2.93,2.37,2.29,0.56
2022-07-18,2.96,2.5,2.44,0.45999999999999996
2022-07-19,3.01,2.52,2.46,0.48999999999999977
2022-07-20,3.04,2.51,2.44,0.5300000000000002
2022-07-21,2.91,2.48,2.4,0.43000000000000016
2022-07-22,2.77,2.49,2.41,0.2799999999999998
2022-07-25,2.81,2.62,2.55,0.18999999999999995
2022-07-26,2.81,2.55,2.48,0.26000000000000023
2022-07-27,2.78,2.44,2.37,0.33999999999999986
2022-07-28,2.68,2.42,2.35,0.26000000000000023
2022-07-29,2.67,2.41,2.34,0.2599999999999998
2022-08-01,2.6,2.56,2.48,0.040000000000000036
2022-08-02,2.75,2.56,2.48,0.18999999999999995
2022-08-03,2.73,2.52,2.44,0.20999999999999996
2022-08-04,2.68,2.5,2.41,0.18000000000000016
2022-08-05,2.83,2.58,2.48,0.25
2022-08-08,2.77,2.65,2.57,0.1200000000000001
2022-08-09,2.8,2.67,2.58,0.1299999999999999
2022-08-10,2.78,2.65,2.56,0.1299999999999999
2022-08-11,2.87,2.62,2.52,0.25
2022-08-12,2.84,2.63,2.53,0.20999999999999996
2022-08-15,2.79,2.72,2.63,0.06999999999999984
2022-08-16,2.82,2.7,2.61,0.11999999999999966
2022-08-17,2.89,2.68,2.59,0.20999999999999996
2022-08-18,2.88,2.71,2.61,0.16999999999999993
2022-08-19,2.98,2.74,2.64,0.23999999999999977
2022-08-22,3.03,2.82,2.74,0.20999999999999996
2022-08-23,3.05,2.8,2.71,0.25
2022-08-24,3.11,2.82,2.73,0.29000000000000004
2022-08-25,3.03,2.88,2.78,0.1499999999999999
2022-08-26,3.04,2.89,2.78,0.1499999999999999
2022-08-29,3.12,2.97,2.89,0.1499999999999999
2022-08-30,3.11,2.97,2.88,0.13999999999999968
2022-08-31,3.15,2.96,2.87,0.18999999999999995
2022-09-01,3.26,2.97,2.88,0.2899999999999996
2022-09-02,3.2,2.94,2.85,0.26000000000000023
2022-09-05,,,,
2022-09-06,3.33,3.04,2.96,0.29000000000000004
2022-09-07,3.27,3.07,2.98,0.20000000000000018
2022-09-08,3.29,3.06,2.97,0.22999999999999998
2022-09-09,3.33,3.08,2.98,0.25
2022-09-12,3.37,3.17,3.09,0.20000000000000018
2022-09-13,3.42,3.28,3.19,0.14000000000000012
2022-09-14,3.41,3.24,3.14,0.16999999999999993
2022-09-15,3.45,3.22,3.12,0.22999999999999998
2022-09-16,3.45,3.2,3.1,0.25
2022-09-19,3.49,3.37,3.29,0.1200000000000001
2022-09-20,3.57,3.35,3.26,0.21999999999999975
2022-09-21,3.51,3.31,3.21,0.19999999999999973
2022-09-22,3.7,3.29,3.19,0.41000000000000014
2022-09-23,3.69,3.24,3.12,0.44999999999999973
2022-09-26,3.88,3.39,3.3,0.48999999999999977
2022-09-27,3.97,3.35,3.26,0.6200000000000001
2022-09-28,3.72,3.4,3.29,0.3200000000000003
2022-09-29,3.76,3.36,3.26,0.3999999999999999
2022-09-30,3.83,3.33,3.22,0.5
2022-10-03,3.67,3.46,3.34,0.20999999999999996
2022-10-04,3.62,3.45,3.32,0.16999999999999993
2022-10-05,3.76,3.46,3.33,0.2999999999999998
2022-10-06,3.83,3.46,3.32,0.3700000000000001
2022-10-07,3.89,3.45,3.31,0.43999999999999995
2022-10-10,,,,
2022-10-11,3.93,3.67,3.53,0.26000000000000023
2022-10-12,3.91,3.7,3.56,0.20999999999999996
2022-10-13,3.97,3.79,3.64,0.18000000000000016
2022-10-14,4.0,3.81,3.65,0.18999999999999995
2022-10-17,4.02,3.97,3.82,0.04999999999999938
2022-10-18,4.01,4.04,3.89,-0.03000000000000025
2022-10-19,4.14,4.07,3.91,0.0699999999999994
2022-10-20,4.24,4.09,3.91,0.15000000000000036
2022-10-21,4.21,4.09,3.9,0.1200000000000001
2022-10-24,4.25,4.16,4.0,0.08999999999999986
2022-10-25,4.1,4.14,3.97,-0.040000000000000036
2022-10-26,4.04,4.11,3.94,-0.07000000000000028
2022-10-27,3.96,4.13,3.95,-0.16999999999999993
2022-10-28,4.02,4.18,3.99,-0.16000000000000014
2022-10-31,4.1,4.22,4.06,-0.1200000000000001
2022-11-01,4.07,4.23,4.06,-0.16000000000000014
2022-11-02,4.1,4.22,4.04,-0.1200000000000001
2022-11-03,4.14,4.25,4.06,-0.11000000000000032
2022-11-04,4.17,4.21,4.02,-0.040000000000000036
2022-11-07,4.22,4.29,4.12,-0.07000000000000028
2022-11-08,4.14,4.28,4.1,-0.14000000000000057
2022-11-09,4.12,4.29,4.11,-0.16999999999999993
2022-11-10,3.82,4.28,4.09,-0.4600000000000004
2022-11-11,,,,
2022-11-14,3.88,4.34,4.16,-0.45999999999999996
2022-11-15,3.8,4.31,4.14,-0.5099999999999998
2022-11-16,3.67,4.32,4.14,-0.6500000000000004
2022-11-17,3.77,4.32,4.13,-0.5500000000000003
2022-11-18,3.82,4.34,4.15,-0.52
2022-11-21,3.83,4.41,4.23,-0.5800000000000001
2022-11-22,3.76,4.4,4.21,-0.6400000000000006
2022-11-23,3.71,4.4,4.21,-0.6900000000000004
2022-11-24,,,,
2022-11-25,3.68,4.41,4.22,-0.73
2022-11-28,3.69,4.41,4.3,-0.7200000000000002
2022-11-29,3.75,4.38,4.27,-0.6299999999999999
2022-11-30,3.68,4.37,4.27,-0.69
2022-12-01,3.53,4.33,4.22,-0.8000000000000003
2022-12-02,3.51,4.34,4.22,-0.8300000000000001
2022-12-05,3.6,4.36,4.27,-0.7600000000000002
2022-12-06,3.51,4.37,4.27,-0.8600000000000003
2022-12-07,3.42,4.29,4.2,-0.8700000000000001
2022-12-08,3.48,4.28,4.17,-0.8000000000000003
2022-12-09,3.57,4.31,4.19,-0.7399999999999998
2022-12-12,3.61,4.38,4.29,-0.77
2022-12-13,3.51,4.35,4.26,-0.8399999999999999
2022-12-14,3.49,4.33,4.23,-0.8399999999999999
2022-12-15,3.44,4.34,4.22,-0.8999999999999999
2022-12-16,3.48,4.31,4.2,-0.8299999999999996
2022-12-19,3.57,4.37,4.28,-0.8000000000000003
2022-12-20,3.69,4.35,4.25,-0.6599999999999997
2022-12-21,3.68,4.33,4.22,-0.6499999999999999
2022-12-22,3.67,4.35,4.24,-0.6799999999999997
2022-12-23,3.75,4.34,4.23,-0.5899999999999999
2022-12-26,,,,
2022-12-27,3.84,4.46,4.35,-0.6200000000000001
2022-12-28,3.88,4.46,4.35,-0.5800000000000001
2022-12-29,3.83,4.45,4.34,-0.6200000000000001
2022-12-30,3.88,4.42,4.3,-0.54
2023-01-02,,,,
2023-01-03,3.79,4.53,4.4,-0.7400000000000002
2023-01-04,3.69,4.55,4.41,-0.8599999999999999
2023-01-05,3.71,4.66,4.51,-0.9500000000000002
2023-01-06,3.55,4.67,4.51,-1.12
2023-01-09,3.53,4.7,4.55,-1.1700000000000004
2023-01-10,3.61,4.73,4.57,-1.1200000000000006
2023-01-11,3.54,4.72,4.57,-1.1799999999999997
2023-01-12,3.43,4.66,4.5,-1.23
2023-01-13,3.49,4.67,4.51,-1.1799999999999997
2023-01-16,,,,
2023-01-17,3.53,4.71,4.56,-1.1800000000000002
2023-01-18,3.37,4.69,4.54,-1.3200000000000003
2023-01-19,3.39,4.71,4.55,-1.3199999999999998
2023-01-20,3.48,4.72,4.57,-1.2399999999999998
2023-01-23,3.52,4.73,4.58,-1.2100000000000004
2023-01-24,3.46,4.72,4.57,-1.2599999999999998
2023-01-25,3.46,4.72,4.56,-1.2599999999999998
2023-01-26,3.49,4.71,4.55,-1.2199999999999998
2023-01-27,3.52,4.73,4.57,-1.2100000000000004
2023-01-30,3.55,4.72,4.59,-1.17
2023-01-31,3.52,4.7,4.58,-1.1800000000000002
2023-02-01,3.39,4.66,4.54,-1.27
2023-02-02,3.4,4.66,4.53,-1.2600000000000002
2023-02-03,3.53,4.7,4.57,-1.1700000000000004
2023-02-06,3.63,4.71,4.59,-1.08
2023-02-07,3.67,4.71,4.59,-1.04
2023-02-08,3.63,4.72,4.59,-1.0899999999999999
2023-02-09,3.67,4.77,4.64,-1.0999999999999996
2023-02-10,3.74,4.79,4.66,-1.0499999999999998
2023-02-13,3.72,4.81,4.68,-1.0899999999999994
2023-02-14,3.77,4.8,4.67,-1.0299999999999998
2023-02-15,3.81,4.79,4.66,-0.98
2023-02-16,3.86,4.84,4.7,-0.98
2023-02-17,3.82,4.84,4.7,-1.02
2023-02-20,,,,
2023-02-21,3.95,4.86,4.72,-0.9100000000000001
2023-02-22,3.93,4.84,4.71,-0.9099999999999997
2023-02-23,3.88,4.84,4.71,-0.96
2023-02-24,3.95,4.86,4.72,-0.9100000000000001
2023-02-27,3.92,4.89,4.74,-0.9699999999999998
2023-02-28,3.92,4.88,4.72,-0.96
2023-03-01,4.01,4.9,4.73,-0.8900000000000006
2023-03-02,4.08,4.91,4.74,-0.8300000000000001
2023-03-03,3.97,4.91,4.74,-0.94
2023-03-06,3.98,4.93,4.76,-0.9499999999999997
2023-03-07,3.97,5.04,4.87,-1.0699999999999998
2023-03-08,3.98,5.06,4.89,-1.0799999999999996
2023-03-09,3.93,5.05,4.87,-1.1199999999999997
2023-03-10,3.7,5.01,4.83,-1.3099999999999996
2023-03-13,3.55,4.87,4.7,-1.3200000000000003
2023-03-14,3.64,4.88,4.71,-1.2399999999999998
2023-03-15,3.51,4.75,4.59,-1.2400000000000002
2023-03-16,3.56,4.74,4.57,-1.1800000000000002
2023-03-17,3.39,4.52,4.36,-1.1299999999999994
2023-03-20,3.47,4.81,4.65,-1.3399999999999994
2023-03-21,3.59,4.78,4.62,-1.1900000000000004
2023-03-22,3.48,4.79,4.63,-1.31
2023-03-23,3.38,4.73,4.57,-1.3500000000000005
2023-03-24,3.38,4.74,4.57,-1.3600000000000003
2023-03-27,3.53,4.91,4.75,-1.3800000000000003
2023-03-28,3.55,4.8,4.64,-1.25
2023-03-29,3.57,4.8,4.64,-1.23
2023-03-30,3.55,4.97,4.8,-1.42
2023-03-31,3.48,4.85,4.68,-1.3699999999999997
2023-04-03,3.43,4.9,4.77,-1.4700000000000002
2023-04-04,3.35,4.88,4.74,-1.5299999999999998
2023-04-05,3.3,4.86,4.72,-1.5600000000000005
2023-04-06,3.3,4.91,4.77,-1.6100000000000003
2023-04-07,3.39,4.95,4.81,-1.56
2023-04-10,3.41,5.08,4.94,-1.67
2023-04-11,3.43,5.04,4.89,-1.6099999999999999
2023-04-12,3.41,5.02,4.87,-1.6099999999999994
2023-04-13,3.45,5.1,4.95,-1.6499999999999995
2023-04-14,3.52,5.14,4.98,-1.6199999999999997
2023-04-17,3.6,5.21,5.06,-1.6099999999999999
2023-04-18,3.58,5.2,5.04,-1.62
2023-04-19,3.6,5.16,5.01,-1.56
2023-04-20,3.54,5.12,4.97,-1.58
2023-04-21,3.57,5.14,4.98,-1.5699999999999998
2023-04-24,3.52,5.2,5.04,-1.6800000000000002
2023-04-25,3.4,5.12,4.97,-1.7200000000000002
2023-04-26,3.43,5.16,5.0,-1.73
2023-04-27,3.53,5.18,5.03,-1.65
2023-04-28,3.44,5.1,4.95,-1.6599999999999997
2023-05-01,3.59,5.27,5.1,-1.6799999999999997
2023-05-02,3.44,5.24,5.08,-1.8000000000000003
2023-05-03,3.38,5.26,5.09,-1.88
2023-05-04,3.37,5.26,5.1,-1.8899999999999997
2023-05-05,3.44,5.26,5.1,-1.8199999999999998
2023-05-08,3.52,5.31,5.15,-1.7899999999999996
2023-05-09,3.53,5.29,5.13,-1.7600000000000002
2023-05-10,3.43,5.24,5.08,-1.81
2023-05-11,3.39,5.2,5.04,-1.81
2023-05-12,3.46,5.25,5.08,-1.79
2023-05-15,3.5,5.21,5.06,-1.71
2023-05-16,3.54,5.23,5.07,-1.6900000000000004
2023-05-17,3.57,5.26,5.1,-1.69
2023-05-18,3.65,5.31,5.14,-1.6599999999999997
2023-05-19,3.7,5.29,5.12,-1.5899999999999999
2023-05-22,3.72,5.4,5.24,-1.6800000000000002
2023-05-23,3.7,5.34,5.18,-1.6399999999999997
2023-05-24,3.73,5.37,5.21,-1.6400000000000001
2023-05-25,3.83,5.38,5.21,-1.5499999999999998
2023-05-26,3.8,5.34,5.16,-1.54
2023-05-29,,,,
2023-05-30,3.69,5.55,5.28,-1.8599999999999999
2023-05-31,3.64,5.52,5.26,-1.8799999999999994
2023-06-01,3.61,5.5,5.24,-1.8900000000000001
2023-06-02,3.69,5.5,5.23,-1.81
2023-06-05,3.69,5.46,5.2,-1.77
2023-06-06,3.7,5.44,5.18,-1.7400000000000002
2023-06-07,3.79,5.42,5.16,-1.63
2023-06-08,3.73,5.38,5.12,-1.65
2023-06-09,3.75,5.37,5.11,-1.62
2023-06-12,3.73,5.4,5.14,-1.6700000000000004
2023-06-13,3.84,5.36,5.11,-1.5200000000000005
2023-06-14,3.83,5.36,5.1,-1.5300000000000002
2023-06-15,3.72,5.33,5.07,-1.6099999999999999
2023-06-16,3.77,5.34,5.09,-1.5699999999999998
2023-06-19,,,,
2023-06-20,3.74,5.39,5.14,-1.6499999999999995
2023-06-21,3.72,5.4,5.15,-1.6800000000000002
2023-06-22,3.8,5.4,5.15,-1.6000000000000005
2023-06-23,3.74,5.41,5.15,-1.67
2023-06-26,3.72,5.5,5.24,-1.7799999999999998
2023-06-27,3.77,5.44,5.19,-1.6700000000000004
2023-06-28,3.71,5.44,5.18,-1.7300000000000004
2023-06-29,3.85,5.46,5.2,-1.6099999999999999
2023-06-30,3.81,5.43,5.17,-1.6199999999999997
2023-07-03,3.86,5.44,5.21,-1.5800000000000005
2023-07-04,,,,
2023-07-05,3.95,5.44,5.21,-1.4900000000000002
2023-07-06,4.05,5.46,5.23,-1.4100000000000001
2023-07-07,4.06,5.46,5.22,-1.4000000000000004
2023-07-10,4.01,5.48,5.25,-1.4700000000000006
2023-07-11,3.99,5.49,5.25,-1.5
2023-07-12,3.86,5.47,5.24,-1.6099999999999999
2023-07-13,3.76,5.47,5.24,-1.71
2023-07-14,3.83,5.49,5.25,-1.6600000000000001
2023-07-17,3.81,5.49,5.26,-1.6800000000000002
2023-07-18,3.8,5.49,5.25,-1.6900000000000004
2023-07-19,3.75,5.49,5.26,-1.7400000000000002
2023-07-20,3.85,5.49,5.26,-1.6400000000000001
2023-07-21,3.84,5.5,5.27,-1.6600000000000001
2023-07-24,3.86,5.51,5.28,-1.65
2023-07-25,3.91,5.51,5.28,-1.5999999999999996
2023-07-26,3.86,5.51,5.28,-1.65
2023-07-27,4.01,5.51,5.28,-1.5
2023-07-28,3.96,5.52,5.28,-1.5599999999999996
2023-07-31,3.97,5.55,5.28,-1.5799999999999996
2023-08-01,4.05,5.54,5.27,-1.4900000000000002
2023-08-02,4.08,5.53,5.27,-1.4500000000000002
2023-08-03,4.2,5.54,5.27,-1.3399999999999999
2023-08-04,4.05,5.54,5.28,-1.4900000000000002
2023-08-07,4.09,5.56,5.29,-1.4699999999999998
2023-08-08,4.02,5.57,5.3,-1.5500000000000007
2023-08-09,4.0,5.55,5.28,-1.5499999999999998
2023-08-10,4.09,5.54,5.28,-1.4500000000000002
2023-08-11,4.16,5.54,5.28,-1.38
2023-08-14,4.19,5.56,5.29,-1.3699999999999992
2023-08-15,4.21,5.56,5.29,-1.3499999999999996
2023-08-16,4.28,5.56,5.29,-1.2799999999999994
2023-08-17,4.3,5.56,5.29,-1.2599999999999998
2023-08-18,4.26,5.55,5.28,-1.29
2023-08-21,4.34,5.57,5.3,-1.2300000000000004
2023-08-22,4.34,5.57,5.3,-1.2300000000000004
2023-08-23,4.19,5.57,5.3,-1.38
2023-08-24,4.23,5.58,5.31,-1.3499999999999996
2023-08-25,4.25,5.61,5.34,-1.3600000000000003
2023-08-28,4.2,5.58,5.34,-1.38
2023-08-29,4.12,5.56,5.33,-1.4399999999999995
2023-08-30,4.12,5.56,5.32,-1.4399999999999995
2023-08-31,4.09,5.56,5.32,-1.4699999999999998
2023-09-01,4.18,5.53,5.3,-1.3500000000000005
2023-09-04,,,,
2023-09-05,4.27,5.55,5.32,-1.2800000000000002
2023-09-06,4.3,5.55,5.31,-1.25
2023-09-07,4.27,5.53,5.3,-1.2600000000000007
2023-09-08,4.26,5.55,5.31,-1.29
2023-09-11,4.29,5.55,5.32,-1.2599999999999998
2023-09-12,4.27,5.56,5.32,-1.29
2023-09-13,4.25,5.55,5.31,-1.2999999999999998
2023-09-14,4.29,5.55,5.31,-1.2599999999999998
2023-09-15,4.33,5.56,5.32,-1.2299999999999995
2023-09-18,4.32,5.55,5.31,-1.2299999999999995
2023-09-19,4.37,5.54,5.31,-1.17
2023-09-20,4.35,5.56,5.33,-1.21
2023-09-21,4.49,5.57,5.33,-1.08
2023-09-22,4.44,5.56,5.32,-1.1199999999999992
2023-09-25,4.55,5.58,5.35,-1.0300000000000002
2023-09-26,4.56,5.58,5.34,-1.0200000000000005
2023-09-27,4.61,5.58,5.34,-0.9699999999999998
2023-09-28,4.59,5.56,5.32,-0.9699999999999998
2023-09-29,4.59,5.55,5.32,-0.96
2023-10-02,4.69,5.62,5.35,-0.9299999999999997
2023-10-03,4.81,5.62,5.35,-0.8100000000000005
2023-10-04,4.73,5.61,5.34,-0.8799999999999999
2023-10-05,4.72,5.61,5.34,-0.8900000000000006
2023-10-06,4.78,5.63,5.36,-0.8499999999999996
2023-10-09,,,,
2023-10-10,4.66,5.61,5.34,-0.9500000000000002
2023-10-11,4.58,5.61,5.34,-1.0300000000000002
2023-10-12,4.7,5.63,5.35,-0.9299999999999997
2023-10-13,4.63,5.62,5.35,-0.9900000000000002
2023-10-16,4.71,5.61,5.34,-0.9000000000000004
2023-10-17,4.83,5.62,5.35,-0.79
2023-10-18,4.91,5.61,5.34,-0.7000000000000002
2023-10-19,4.98,5.6,5.33,-0.6199999999999992
2023-10-20,4.93,5.58,5.31,-0.6500000000000004
2023-10-23,4.86,5.58,5.32,-0.7199999999999998
2023-10-24,4.83,5.58,5.31,-0.75
2023-10-25,4.95,5.59,5.32,-0.6399999999999997
2023-10-26,4.86,5.59,5.32,-0.7299999999999995
2023-10-27,4.84,5.59,5.32,-0.75
2023-10-30,4.88,5.6,5.33,-0.7199999999999998
2023-10-31,4.88,5.59,5.33,-0.71
2023-11-01,4.77,5.57,5.31,-0.8000000000000007
2023-11-02,4.67,5.54,5.28,-0.8700000000000001
2023-11-03,4.57,5.53,5.27,-0.96
2023-11-06,4.67,5.56,5.29,-0.8899999999999997
2023-11-07,4.58,5.55,5.28,-0.9699999999999998
2023-11-08,4.49,5.54,5.28,-1.0499999999999998
2023-11-09,4.62,5.54,5.27,-0.9199999999999999
2023-11-10,4.61,5.53,5.26,-0.9199999999999999
2023-11-13,4.63,5.55,5.28,-0.9199999999999999
2023-11-14,4.44,5.52,5.26,-1.0799999999999992
2023-11-15,4.53,5.53,5.26,-1.0
2023-11-16,4.45,5.51,5.25,-1.0599999999999996
2023-11-17,4.44,5.5,5.25,-1.0599999999999996
2023-11-20,4.42,5.54,5.27,-1.12
2023-11-21,4.41,5.53,5.26,-1.12
2023-11-22,4.42,5.54,5.27,-1.12
2023-11-23,,,,
2023-11-24,4.47,5.54,5.28,-1.0700000000000003
2023-11-27,4.39,5.49,5.28,-1.1000000000000005
2023-11-28,4.34,5.47,5.27,-1.13
2023-11-29,4.27,5.45,5.25,-1.1800000000000006
2023-11-30,4.37,5.45,5.25,-1.08
2023-12-01,4.22,5.43,5.23,-1.21
2023-12-04,4.28,5.46,5.26,-1.1799999999999997
2023-12-05,4.18,5.45,5.25,-1.2700000000000005
2023-12-06,4.12,5.45,5.25,-1.33
2023-12-07,4.14,5.44,5.24,-1.3000000000000007
2023-12-08,4.23,5.44,5.24,-1.21
2023-12-11,4.23,5.47,5.26,-1.2399999999999993
2023-12-12,4.2,5.46,5.26,-1.2599999999999998
2023-12-13,4.04,5.44,5.24,-1.4000000000000004
2023-12-14,3.92,5.43,5.23,-1.5099999999999998
2023-12-15,3.91,5.44,5.24,-1.5300000000000002
2023-12-18,3.95,5.46,5.26,-1.5099999999999998
2023-12-19,3.93,5.43,5.23,-1.4999999999999996
2023-12-20,3.86,5.44,5.24,-1.5800000000000005
2023-12-21,3.89,5.42,5.22,-1.5299999999999998
2023-12-22,3.9,5.44,5.24,-1.5400000000000005
2023-12-25,,,,
2023-12-26,3.89,5.45,5.25,-1.56
2023-12-27,3.79,5.44,5.24,-1.6500000000000004
2023-12-28,3.84,5.45,5.25,-1.6100000000000003
2023-12-29,3.88,5.4,5.2,-1.5200000000000005
2024-01-01,,,,
2024-01-02,3.95,5.46,5.22,-1.5099999999999998
2024-01-03,3.91,5.48,5.24,-1.5700000000000003
2024-01-04,3.99,5.48,5.24,-1.4900000000000002
2024-01-05,4.05,5.47,5.24,-1.42
2024-01-08,4.01,5.49,5.25,-1.4800000000000004
2024-01-09,4.02,5.47,5.24,-1.4500000000000002
2024-01-10,4.04,5.46,5.23,-1.42
2024-01-11,3.98,5.46,5.23,-1.48
2024-01-12,3.96,5.45,5.22,-1.4900000000000002
2024-01-15,,,,
2024-01-16,4.07,5.45,5.22,-1.38
2024-01-17,4.1,5.47,5.24,-1.37
2024-01-18,4.14,5.45,5.22,-1.3100000000000005
2024-01-19,4.15,5.45,5.22,-1.2999999999999998
2024-01-22,4.11,5.46,5.22,-1.3499999999999996
2024-01-23,4.14,5.45,5.21,-1.3100000000000005
2024-01-24,4.18,5.44,5.21,-1.2600000000000007
2024-01-25,4.14,5.44,5.21,-1.3000000000000007
2024-01-26,4.15,5.44,5.21,-1.29
2024-01-29,4.08,5.42,5.22,-1.3399999999999999
2024-01-30,4.06,5.42,5.21,-1.3600000000000003
2024-01-31,3.99,5.42,5.22,-1.4299999999999997
2024-02-01,3.87,5.42,5.22,-1.5499999999999998
2024-02-02,4.03,5.43,5.23,-1.3999999999999995
2024-02-05,4.17,5.42,5.22,-1.25
2024-02-06,4.09,5.44,5.23,-1.3500000000000005
2024-02-07,4.09,5.43,5.23,-1.3399999999999999
2024-02-08,4.15,5.44,5.23,-1.29
2024-02-09,4.17,5.44,5.24,-1.2700000000000005
2024-02-12,4.17,5.43,5.23,-1.2599999999999998
2024-02-13,4.31,5.45,5.25,-1.1400000000000006
2024-02-14,4.27,5.43,5.23,-1.1600000000000001
2024-02-15,4.24,5.43,5.23,-1.1899999999999995
2024-02-16,4.3,5.44,5.24,-1.1400000000000006
2024-02-19,,,,
2024-02-20,4.27,5.44,5.24,-1.1700000000000008
2024-02-21,4.32,5.44,5.24,-1.12
2024-02-22,4.33,5.45,5.25,-1.12
2024-02-23,4.26,5.46,5.26,-1.2000000000000002
2024-02-26,4.28,5.47,5.26,-1.1899999999999995
2024-02-27,4.31,5.45,5.25,-1.1400000000000006
2024-02-28,4.27,5.45,5.24,-1.1800000000000006
2024-02-29,4.25,5.45,5.25,-1.2000000000000002
2024-03-01,4.19,5.42,5.23,-1.2299999999999995
2024-03-04,4.22,5.48,5.24,-1.2600000000000007
2024-03-05,4.13,5.47,5.23,-1.3399999999999999
2024-03-06,4.11,5.47,5.24,-1.3599999999999994
2024-03-07,4.09,5.47,5.24,-1.38
2024-03-08,4.09,5.46,5.24,-1.37
2024-03-11,4.1,5.48,5.24,-1.3800000000000008
2024-03-12,4.16,5.48,5.25,-1.3200000000000003
2024-03-13,4.19,5.48,5.25,-1.29
2024-03-14,4.29,5.48,5.25,-1.1900000000000004
2024-03-15,4.31,5.48,5.25,-1.1700000000000008
2024-03-18,4.34,5.48,5.25,-1.1400000000000006
2024-03-19,4.3,5.48,5.24,-1.1800000000000006
2024-03-20,4.27,5.47,5.24,-1.2000000000000002
2024-03-21,4.27,5.48,5.25,-1.2100000000000009
2024-03-22,4.22,5.46,5.24,-1.2400000000000002
2024-03-25,4.25,5.46,5.23,-1.21
2024-03-26,4.24,5.46,5.22,-1.2199999999999998
2024-03-27,4.2,5.45,5.22,-1.25
2024-03-28,4.2,5.46,5.23,-1.2599999999999998
2024-03-29,,,,
2024-04-01,4.33,5.44,5.23,-1.1100000000000003
2024-04-02,4.36,5.42,5.22,-1.0599999999999996
2024-04-03,4.36,5.42,5.22,-1.0599999999999996
2024-04-04,4.31,5.41,5.21,-1.1000000000000005
2024-04-05,4.39,5.43,5.23,-1.04
2024-04-08,4.42,5.43,5.23,-1.0099999999999998
2024-04-09,4.36,5.43,5.23,-1.0699999999999994
2024-04-10,4.55,5.45,5.25,-0.9000000000000004
2024-04-11,4.56,5.45,5.25,-0.8900000000000006
2024-04-12,4.5,5.45,5.25,-0.9500000000000002
2024-04-15,4.63,5.45,5.25,-0.8200000000000003
2024-04-16,4.67,5.45,5.25,-0.7800000000000002
2024-04-17,4.59,5.45,5.25,-0.8600000000000003
2024-04-18,4.64,5.46,5.25,-0.8200000000000003
2024-04-19,4.62,5.45,5.25,-0.8300000000000001
2024-04-22,4.62,5.42,5.22,-0.7999999999999998
2024-04-23,4.61,5.45,5.25,-0.8399999999999999
2024-04-24,4.65,5.46,5.26,-0.8099999999999996
2024-04-25,4.7,5.47,5.26,-0.7699999999999996
2024-04-26,4.67,5.46,5.25,-0.79
2024-04-29,4.63,5.45,5.25,-0.8200000000000003
2024-04-30,4.69,5.46,5.25,-0.7699999999999996
2024-05-01,4.63,5.46,5.26,-0.8300000000000001
2024-05-02,4.58,5.46,5.25,-0.8799999999999999
2024-05-03,4.5,5.45,5.25,-0.9500000000000002
2024-05-06,4.49,5.45,5.25,-0.96
2024-05-07,4.47,5.45,5.25,-0.9800000000000004
2024-05-08,4.48,5.45,5.25,-0.9699999999999998
2024-05-09,4.45,5.46,5.25,-1.0099999999999998
2024-05-10,4.5,5.47,5.26,-0.9699999999999998
2024-05-13,4.48,5.45,5.25,-0.9699999999999998
2024-05-14,4.45,5.44,5.24,-0.9900000000000002
2024-05-15,4.36,5.45,5.25,-1.0899999999999999
2024-05-16,4.38,5.45,5.25,-1.0700000000000003
2024-05-17,4.42,5.46,5.25,-1.04
2024-05-20,4.44,5.45,5.25,-1.0099999999999998
2024-05-21,4.41,5.45,5.25,-1.04
2024-05-22,4.43,5.45,5.25,-1.0200000000000005
2024-05-23,4.47,5.46,5.26,-0.9900000000000002
2024-05-24,4.46,5.46,5.26,-1.0
2024-05-27,,,,
2024-05-28,4.54,5.46,5.26,-0.9199999999999999
2024-05-29,4.61,5.46,5.26,-0.8499999999999996
2024-05-30,4.55,5.46,5.26,-0.9100000000000001
2024-05-31,4.51,5.46,5.25,-0.9500000000000002
2024-06-03,4.41,5.52,5.26,-1.1099999999999994
2024-06-04,4.33,5.52,5.25,-1.1899999999999995
2024-06-05,4.29,5.51,5.25,-1.2199999999999998
2024-06-06,4.28,5.51,5.25,-1.2299999999999995
2024-06-07,4.43,5.52,5.26,-1.0899999999999999
2024-06-10,4.47,5.52,5.25,-1.0499999999999998
2024-06-11,4.39,5.52,5.25,-1.13
2024-06-12,4.31,5.51,5.25,-1.2000000000000002
2024-06-13,4.24,5.51,5.25,-1.2699999999999996
2024-06-14,4.2,5.51,5.25,-1.3099999999999996
2024-06-17,4.28,5.52,5.25,-1.2399999999999993
2024-06-18,4.22,5.5,5.24,-1.2800000000000002
2024-06-19,,,,
2024-06-20,4.25,5.5,5.24,-1.25
2024-06-21,4.25,5.49,5.23,-1.2400000000000002
2024-06-24,4.25,5.5,5.24,-1.25
2024-06-25,4.23,5.49,5.23,-1.2599999999999998
2024-06-26,4.32,5.5,5.24,-1.1799999999999997
2024-06-27,4.29,5.49,5.23,-1.2000000000000002
2024-06-28,4.36,5.48,5.22,-1.12
2024-07-01,4.48,5.47,5.24,-0.9899999999999993
2024-07-02,4.43,5.47,5.24,-1.04
2024-07-03,4.36,5.47,5.24,-1.1099999999999994
2024-07-04,,,,
2024-07-05,4.28,5.46,5.23,-1.1799999999999997
2024-07-08,4.28,5.46,5.23,-1.1799999999999997
2024-07-09,4.3,5.46,5.23,-1.1600000000000001
2024-07-10,4.28,5.46,5.23,-1.1799999999999997
2024-07-11,4.2,5.44,5.21,-1.2400000000000002
2024-07-12,4.18,5.43,5.21,-1.25
2024-07-15,4.23,5.43,5.2,-1.1999999999999993
2024-07-16,4.17,5.43,5.2,-1.2599999999999998
2024-07-17,4.16,5.43,5.2,-1.2699999999999996
2024-07-18,4.2,5.43,5.21,-1.2299999999999995
2024-07-19,4.25,5.43,5.2,-1.1799999999999997
2024-07-22,4.26,5.43,5.19,-1.17
2024-07-23,4.25,5.41,5.18,-1.1600000000000001
2024-07-24,4.28,5.4,5.18,-1.12
2024-07-25,4.27,5.39,5.17,-1.12
2024-07-26,4.2,5.38,5.16,-1.1799999999999997
2024-07-29,4.17,5.41,5.15,-1.2400000000000002
2024-07-30,4.15,5.4,5.14,-1.25
2024-07-31,4.09,5.41,5.15,-1.3200000000000003
2024-08-01,3.99,5.37,5.12,-1.38
2024-08-02,3.8,5.29,5.05,-1.4900000000000002
2024-08-05,3.78,5.35,5.09,-1.5699999999999998
2024-08-06,3.9,5.34,5.09,-1.44
2024-08-07,3.96,5.34,5.09,-1.38
2024-08-08,3.99,5.34,5.09,-1.3499999999999996
2024-08-09,3.94,5.33,5.09,-1.3900000000000001
2024-08-12,3.9,5.33,5.07,-1.4300000000000002
2024-08-13,3.85,5.32,5.06,-1.4700000000000002
2024-08-14,3.83,5.32,5.07,-1.4900000000000002
2024-08-15,3.92,5.34,5.09,-1.42
2024-08-16,3.89,5.33,5.08,-1.44
2024-08-19,3.86,5.31,5.06,-1.4499999999999997
2024-08-20,3.82,5.29,5.04,-1.4700000000000002
2024-08-21,3.79,5.26,5.02,-1.4699999999999998
2024-08-22,3.86,5.28,5.04,-1.4200000000000004
2024-08-23,3.81,5.25,5.01,-1.44
2024-08-26,3.82,5.24,4.98,-1.4200000000000004
2024-08-27,3.83,5.23,4.98,-1.4000000000000004
2024-08-28,3.84,5.21,4.96,-1.37
2024-08-29,3.87,5.22,4.98,-1.3499999999999996
2024-08-30,3.91,5.21,4.98,-1.2999999999999998
2024-09-02,,,,
2024-09-03,3.84,5.19,4.97,-1.3500000000000005
2024-09-04,3.77,5.18,4.96,-1.4099999999999997
2024-09-05,3.73,5.15,4.94,-1.4200000000000004
2024-09-06,3.72,5.13,4.93,-1.4099999999999997
2024-09-09,3.7,5.11,4.89,-1.4100000000000001
2024-09-10,3.65,5.06,4.85,-1.4099999999999997
2024-09-11,3.65,5.1,4.89,-1.4499999999999997
2024-09-12,3.68,5.06,4.85,-1.3799999999999994
2024-09-13,3.66,4.97,4.78,-1.3099999999999996
2024-09-16,3.63,4.96,4.75,-1.33
2024-09-17,3.65,4.95,4.75,-1.3000000000000003
2024-09-18,3.7,4.84,4.65,-1.1399999999999997
2024-09-19,3.73,4.8,4.61,-1.0699999999999998
2024-09-20,3.73,4.75,4.56,-1.02
2024-09-23,3.75,4.72,4.53,-0.9699999999999998
2024-09-24,3.74,4.69,4.5,-0.9500000000000002
2024-09-25,3.79,4.69,4.51,-0.9000000000000004
2024-09-26,3.79,4.68,4.5,-0.8899999999999997
2024-09-27,3.75,4.68,4.5,-0.9299999999999997
2024-09-30,3.81,4.73,4.52,-0.9200000000000004
2024-10-01,3.74,4.71,4.5,-0.9699999999999998
2024-10-02,3.79,4.69,4.48,-0.9000000000000004
2024-10-03,3.85,4.68,4.48,-0.8299999999999996
2024-10-04,3.98,4.73,4.53,-0.7500000000000004
2024-10-07,4.03,4.77,4.55,-0.7399999999999993
2024-10-08,4.04,4.75,4.53,-0.71
2024-10-09,4.06,4.75,4.54,-0.6900000000000004
2024-10-10,4.09,4.75,4.54,-0.6600000000000001
2024-10-11,4.08,4.73,4.53,-0.6500000000000004
2024-10-14,,,,
2024-10-15,4.03,4.73,4.52,-0.7000000000000002
2024-10-16,4.02,4.72,4.51,-0.7000000000000002
2024-10-17,4.09,4.74,4.54,-0.6500000000000004
2024-10-18,4.08,4.73,4.53,-0.6500000000000004
2024-10-21,4.19,4.73,4.51,-0.54
2024-10-22,4.2,4.72,4.51,-0.5199999999999996
2024-10-23,4.24,4.73,4.52,-0.4900000000000002
2024-10-24,4.21,4.7,4.5,-0.4900000000000002
2024-10-25,4.25,4.73,4.52,-0.4800000000000004
2024-10-28,4.28,4.7,4.49,-0.41999999999999993
2024-10-29,4.28,4.7,4.49,-0.41999999999999993
2024-10-30,4.29,4.67,4.47,-0.3799999999999999
2024-10-31,4.28,4.64,4.44,-0.35999999999999943
2024-11-01,4.37,4.61,4.41,-0.2400000000000002
2024-11-04,4.31,4.65,4.44,-0.34000000000000075
2024-11-05,4.26,4.64,4.43,-0.3799999999999999
2024-11-06,4.42,4.64,4.44,-0.21999999999999975
2024-11-07,4.31,4.63,4.43,-0.3200000000000003
2024-11-08,4.3,4.63,4.43,-0.33000000000000007
2024-11-11,,,,
2024-11-12,4.43,4.63,4.43,-0.20000000000000018
2024-11-13,4.44,4.6,4.4,-0.15999999999999925
2024-11-14,4.43,4.61,4.41,-0.1800000000000006
2024-11-15,4.43,4.6,4.41,-0.16999999999999993
2024-11-18,4.42,4.63,4.42,-0.20999999999999996
2024-11-19,4.39,4.62,4.41,-0.23000000000000043
2024-11-20,4.41,4.62,4.42,-0.20999999999999996
2024-11-21,4.43,4.63,4.43,-0.20000000000000018
2024-11-22,4.41,4.63,4.43,-0.21999999999999975
2024-11-25,4.27,4.62,4.42,-0.35000000000000053
2024-11-26,4.3,4.61,4.4,-0.3100000000000005
2024-11-27,4.25,4.6,4.4,-0.34999999999999964
2024-11-28,,,,
2024-11-29,4.18,4.58,4.39,-0.40000000000000036
2024-12-02,4.19,4.51,4.38,-0.3199999999999994
2024-12-03,4.23,4.49,4.36,-0.2599999999999998
2024-12-04,4.19,4.47,4.35,-0.27999999999999936
2024-12-05,4.17,4.46,4.34,-0.29000000000000004
2024-12-06,4.15,4.42,4.31,-0.2699999999999996
2024-12-09,4.2,4.42,4.3,-0.21999999999999975
2024-12-10,4.22,4.41,4.29,-0.1900000000000004
2024-12-11,4.26,4.38,4.26,-0.1200000000000001
2024-12-12,4.32,4.35,4.23,-0.02999999999999936
2024-12-13,4.4,4.34,4.23,0.0600000000000005
2024-12-16,4.39,4.37,4.25,0.019999999999999574
2024-12-17,4.4,4.38,4.26,0.020000000000000462
2024-12-18,4.5,4.36,4.25,0.13999999999999968
2024-12-19,4.57,4.35,4.23,0.22000000000000064
2024-12-20,4.52,4.34,4.23,0.17999999999999972
2024-12-23,4.59,4.36,4.24,0.22999999999999954
2024-12-24,4.59,4.4,4.28,0.1899999999999995
2024-12-25,,,,
2024-12-26,4.58,4.35,4.24,0.23000000000000043
2024-12-27,4.62,4.31,4.19,0.3100000000000005
2024-12-30,4.55,4.37,4.23,0.17999999999999972
2024-12-31,4.58,4.37,4.23,0.20999999999999996
2025-01-01,,,,
2025-01-02,4.57,4.36,4.22,0.20999999999999996
2025-01-03,4.6,4.34,4.2,0.2599999999999998
2025-01-06,4.62,4.35,4.21,0.27000000000000046
2025-01-07,4.67,4.35,4.21,0.3200000000000003
2025-01-08,4.67,4.35,4.21,0.3200000000000003
2025-01-09,4.68,4.35,4.21,0.33000000000000007
2025-01-10,4.77,4.36,4.22,0.40999999999999925
2025-01-13,4.79,4.37,4.23,0.41999999999999993
2025-01-14,4.78,4.36,4.22,0.41999999999999993
2025-01-15,4.66,4.35,4.21,0.3100000000000005
2025-01-16,4.61,4.34,4.21,0.27000000000000046
2025-01-17,4.61,4.34,4.2,0.27000000000000046
2025-01-20,,,,
2025-01-21,4.57,4.36,4.22,0.20999999999999996
2025-01-22,4.6,4.36,4.22,0.23999999999999932
2025-01-23,4.65,4.36,4.22,0.29000000000000004
2025-01-24,4.63,4.35,4.21,0.28000000000000025
2025-01-27,4.53,4.32,4.2,0.20999999999999996
2025-01-28,4.55,4.31,4.2,0.2400000000000002
2025-01-29,4.55,4.31,4.2,0.2400000000000002
2025-01-30,4.52,4.3,4.19,0.21999999999999975
2025-01-31,4.58,4.31,4.2,0.27000000000000046
2025-02-03,4.54,4.34,4.22,0.20000000000000018
2025-02-04,4.52,4.33,4.22,0.1899999999999995
2025-02-05,4.43,4.33,4.22,0.09999999999999964
2025-02-06,4.45,4.34,4.22,0.11000000000000032
2025-02-07,4.49,4.35,4.24,0.14000000000000057
2025-02-10,4.51,4.35,4.23,0.16000000000000014
2025-02-11,4.54,4.35,4.23,0.1900000000000004
2025-02-12,4.62,4.35,4.23,0.27000000000000046
2025-02-13,4.52,4.34,4.22,0.17999999999999972
2025-02-14,4.47,4.34,4.22,0.1299999999999999
2025-02-17,,,,
2025-02-18,4.55,4.34,4.23,0.20999999999999996
2025-02-19,4.53,4.34,4.22,0.1900000000000004
2025-02-20,4.5,4.33,4.21,0.16999999999999993
2025-02-21,4.42,4.32,4.21,0.09999999999999964
2025-02-24,4.4,4.31,4.19,0.09000000000000075
2025-02-25,4.3,4.3,4.19,0.0
2025-02-26,4.25,4.31,4.2,-0.05999999999999961
2025-02-27,4.29,4.32,4.2,-0.03000000000000025
2025-02-28,4.24,4.32,4.2,-0.08000000000000007
2025-03-03,4.16,4.35,4.21,-0.1899999999999995
2025-03-04,4.22,4.34,4.2,-0.1200000000000001
2025-03-05,4.28,4.35,4.21,-0.0699999999999994
2025-03-06,4.29,4.34,4.2,-0.04999999999999982
2025-03-07,4.32,4.34,4.2,-0.019999999999999574
2025-03-10,4.22,4.33,4.19,-0.11000000000000032
2025-03-11,4.28,4.34,4.2,-0.05999999999999961
2025-03-12,4.32,4.35,4.21,-0.02999999999999936
2025-03-13,4.27,4.34,4.2,-0.07000000000000028
2025-03-14,4.31,4.33,4.2,-0.020000000000000462
2025-03-17,4.31,4.34,4.2,-0.03000000000000025
2025-03-18,4.29,4.34,4.2,-0.04999999999999982
2025-03-19,4.25,4.33,4.2,-0.08000000000000007
2025-03-20,4.24,4.33,4.19,-0.08999999999999986
2025-03-21,4.25,4.33,4.19,-0.08000000000000007
2025-03-24,4.34,4.33,4.19,0.009999999999999787
2025-03-25,4.31,4.33,4.19,-0.020000000000000462
2025-03-26,4.35,4.33,4.2,0.019999999999999574
2025-03-27,4.38,4.33,4.2,0.04999999999999982
2025-03-28,4.27,4.33,4.2,-0.0600000000000005
2025-03-31,4.23,4.32,4.21,-0.08999999999999986
2025-04-01,4.17,4.32,4.2,-0.15000000000000036
2025-04-02,4.2,4.32,4.21,-0.1200000000000001
2025-04-03,4.06,4.31,4.2,-0.25
2025-04-04,4.01,4.28,4.17,-0.27000000000000046
2025-04-07,4.15,4.29,4.17,-0.13999999999999968
2025-04-08,4.26,4.31,4.19,-0.04999999999999982
2025-04-09,4.34,4.35,4.24,-0.009999999999999787
2025-04-10,4.4,4.34,4.22,0.0600000000000005
2025-04-11,4.48,4.34,4.23,0.14000000000000057
2025-04-14,4.38,4.33,4.22,0.04999999999999982
2025-04-15,4.35,4.33,4.22,0.019999999999999574
2025-04-16,4.29,4.33,4.21,-0.040000000000000036
2025-04-17,4.34,4.34,4.23,0.0
2025-04-18,,,,
2025-04-21,4.42,4.34,4.22,0.08000000000000007
2025-04-22,4.41,4.33,4.22,0.08000000000000007
2025-04-23,4.4,4.33,4.22,0.07000000000000028
2025-04-24,4.32,4.32,4.21,0.0
2025-04-25,4.29,4.32,4.21,-0.03000000000000025
2025-04-28,4.23,4.32,4.2,-0.08999999999999986
2025-04-29,4.19,4.31,4.2,-0.11999999999999922
2025-04-30,4.17,4.31,4.2,-0.13999999999999968
2025-05-01,4.25,4.31,4.2,-0.05999999999999961
2025-05-02,4.33,4.33,4.22,0.0
2025-05-05,4.36,4.33,4.22,0.03000000000000025
2025-05-06,4.3,4.33,4.22,-0.03000000000000025
2025-05-07,4.26,4.34,4.22,-0.08000000000000007
2025-05-08,4.37,4.34,4.23,0.03000000000000025
2025-05-09,4.37,4.34,4.22,0.03000000000000025
2025-05-12,4.45,4.42,4.31,0.03000000000000025
2025-05-13,4.49,4.41,4.29,0.08000000000000007
2025-05-14,4.53,4.41,4.29,0.1200000000000001
2025-05-15,4.45,4.38,4.27,0.07000000000000028
2025-05-16,4.43,4.37,4.25,0.05999999999999961
2025-05-19,4.46,4.39,4.28,0.07000000000000028
2025-05-20,4.48,4.38,4.26,0.10000000000000053
2025-05-21,4.58,4.36,4.24,0.21999999999999975
2025-05-22,4.54,4.37,4.25,0.16999999999999993
2025-05-23,4.51,4.36,4.24,0.14999999999999947
2025-05-26,,,,
2025-05-27,4.43,4.35,4.24,0.08000000000000007
2025-05-28,4.47,4.35,4.24,0.1200000000000001
2025-05-29,4.43,4.36,4.25,0.0699999999999994
2025-05-30,4.41,4.36,4.25,0.04999999999999982
2025-06-02,4.46,4.44,4.25,0.019999999999999574
2025-06-03,4.46,4.43,4.24,0.03000000000000025
2025-06-04,4.37,4.44,4.25,-0.07000000000000028
2025-06-05,4.4,4.44,4.25,-0.040000000000000036
2025-06-06,4.51,4.43,4.25,0.08000000000000007
2025-06-09,4.49,4.44,4.25,0.04999999999999982
2025-06-10,4.47,4.45,4.26,0.019999999999999574
2025-06-11,4.41,4.45,4.26,-0.040000000000000036
2025-06-12,4.36,4.46,4.27,-0.09999999999999964
2025-06-13,4.41,4.45,4.26,-0.040000000000000036
2025-06-16,4.46,4.43,4.24,0.03000000000000025
2025-06-17,4.39,4.42,4.23,-0.03000000000000025
2025-06-18,4.38,4.42,4.23,-0.040000000000000036
2025-06-19,,,,
2025-06-20,4.38,4.39,4.21,-0.009999999999999787
2025-06-23,4.34,4.38,4.19,-0.040000000000000036
2025-06-24,4.3,4.38,4.19,-0.08000000000000007
2025-06-25,4.29,4.38,4.19,-0.08999999999999986
2025-06-26,4.26,4.39,4.21,-0.1299999999999999
2025-06-27,4.29,4.39,4.2,-0.09999999999999964
2025-06-30,4.24,4.41,4.24,-0.16999999999999993
2025-07-01,4.26,4.4,4.24,-0.14000000000000057
2025-07-02,4.3,4.41,4.24,-0.11000000000000032
2025-07-03,4.35,4.42,4.26,-0.07000000000000028
2025-07-04,,,,
2025-07-07,4.4,4.42,4.26,-0.019999999999999574
2025-07-08,4.42,4.42,4.26,0.0
2025-07-09,4.34,4.42,4.26,-0.08000000000000007
2025-07-10,4.35,4.42,4.25,-0.07000000000000028
2025-07-11,4.43,4.41,4.25,0.019999999999999574
2025-07-14,4.43,4.42,4.26,0.009999999999999787
2025-07-15,4.5,4.42,4.25,0.08000000000000007
2025-07-16,4.46,4.41,4.24,0.04999999999999982
2025-07-17,4.47,4.41,4.24,0.05999999999999961
2025-07-18,4.44,4.4,4.24,0.040000000000000036
2025-07-21,4.38,4.41,4.24,-0.03000000000000025
2025-07-22,4.35,4.41,4.24,-0.0600000000000005
2025-07-23,4.4,4.41,4.25,-0.009999999999999787
2025-07-24,4.43,4.42,4.25,0.009999999999999787
2025-07-25,4.4,4.42,4.25,-0.019999999999999574
2025-07-28,4.42,4.4,4.24,0.019999999999999574
2025-07-29,4.34,4.4,4.24,-0.0600000000000005
2025-07-30,4.38,4.41,4.25,-0.03000000000000025
2025-07-31,4.37,4.41,4.24,-0.040000000000000036
2025-08-01,4.23,4.35,4.19,-0.11999999999999922
2025-08-04,4.22,4.35,4.16,-0.1299999999999999
2025-08-05,4.22,4.34,4.16,-0.1200000000000001
2025-08-06,4.22,4.32,4.14,-0.10000000000000053
2025-08-07,4.23,4.32,4.14,-0.08999999999999986
2025-08-08,4.27,4.32,4.14,-0.05000000000000071
2025-08-11,4.27,4.34,4.15,-0.07000000000000028
2025-08-12,4.29,4.33,4.14,-0.040000000000000036
2025-08-13,4.24,4.29,4.11,-0.04999999999999982
2025-08-14,4.29,4.3,4.12,-0.009999999999999787
2025-08-15,4.33,4.3,4.12,0.03000000000000025
2025-08-18,4.34,4.33,4.14,0.009999999999999787
2025-08-19,4.3,4.3,4.12,0.0
2025-08-20,4.29,4.3,4.12,-0.009999999999999787
2025-08-21,4.33,4.32,4.14,0.009999999999999787
2025-08-22,4.26,4.27,4.1,-0.009999999999999787
2025-08-25,4.28,4.29,4.1,-0.009999999999999787
2025-08-26,4.26,4.28,4.1,-0.020000000000000462
2025-08-27,4.24,4.26,4.08,-0.019999999999999574
2025-08-28,4.22,4.26,4.08,-0.040000000000000036
2025-08-29,4.23,4.23,4.05,0.0
2025-09-01,,,,
2025-09-02,4.28,4.2,4.05,0.08000000000000007
2025-09-03,4.22,4.18,4.03,0.040000000000000036
2025-09-04,4.17,4.16,4.01,0.009999999999999787
2025-09-05,4.1,4.07,3.92,0.02999999999999936
2025-09-08,4.05,4.1,3.95,-0.04999999999999982
2025-09-09,4.08,4.1,3.95,-0.019999999999999574
2025-09-10,4.04,4.09,3.94,-0.04999999999999982
2025-09-11,4.01,4.08,3.94,-0.07000000000000028
2025-09-12,4.06,4.08,3.94,-0.020000000000000462
2025-09-15,4.05,4.06,3.91,-0.009999999999999787
2025-09-16,4.04,4.04,3.9,0.0
2025-09-17,4.06,4.02,3.88,0.040000000000000036
2025-09-18,4.11,4.03,3.89,0.08000000000000007
2025-09-19,4.14,4.03,3.89,0.10999999999999943
2025-09-22,4.15,4.0,3.86,0.15000000000000036
2025-09-23,4.12,4.0,3.86,0.1200000000000001
2025-09-24,4.16,4.02,3.87,0.14000000000000057
2025-09-25,4.18,4.04,3.89,0.13999999999999968
2025-09-26,4.2,4.02,3.87,0.1800000000000006
2025-09-29,4.15,4.04,3.86,0.11000000000000032
2025-09-30,4.16,4.02,3.86,0.14000000000000057
2025-10-01,4.12,4.01,3.85,0.11000000000000032
2025-10-02,4.1,4.02,3.86,0.08000000000000007
2025-10-03,4.13,4.03,3.87,0.09999999999999964
2025-10-06,4.18,4.02,3.86,0.16000000000000014
2025-10-07,4.14,4.01,3.85,0.1299999999999999
2025-10-08,4.13,4.01,3.85,0.1200000000000001
2025-10-09,4.14,4.03,3.87,0.10999999999999943
2025-10-10,4.05,4.02,3.86,0.03000000000000025
2025-10-13,,,,
2025-10-14,4.03,4.02,3.85,0.010000000000000675
2025-10-15,4.05,4.03,3.87,0.019999999999999574
2025-10-16,3.99,4.02,3.86,-0.02999999999999936
2025-10-17,4.02,4.0,3.84,0.019999999999999574
2025-10-20,4.0,3.97,3.81,0.029999999999999805
2025-10-21,3.98,3.96,3.8,0.020000000000000018
2025-10-22,3.97,3.96,3.8,0.010000000000000231
2025-10-23,4.01,3.95,3.8,0.05999999999999961
2025-10-24,4.02,3.93,3.77,0.08999999999999941
2025-10-27,4.01,3.89,3.73,0.11999999999999966
2025-10-28,3.99,3.89,3.73,0.10000000000000009
2025-10-29,4.08,3.93,3.77,0.1499999999999999
2025-10-30,4.11,3.92,3.76,0.1900000000000004
2025-10-31,4.11,3.89,3.73,0.2200000000000002
2025-11-03,4.13,3.98,3.82,0.1499999999999999
2025-11-04,4.1,3.96,3.8,0.13999999999999968
2025-11-05,4.17,3.96,3.8,0.20999999999999996
2025-11-06,4.11,3.93,3.77,0.18000000000000016
2025-11-07,4.11,3.92,3.77,0.1900000000000004
2025-11-10,4.13,3.95,3.79,0.17999999999999972
2025-11-11,,,,
2025-11-12,4.08,3.95,3.79,0.1299999999999999
2025-11-13,4.11,3.96,3.8,0.15000000000000036
2025-11-14,4.14,3.95,3.8,0.1899999999999995
2025-11-17,4.13,3.97,3.8,0.1599999999999997
2025-11-18,4.12,3.94,3.78,0.18000000000000016
2025-11-19,4.13,3.95,3.79,0.17999999999999972
2025-11-20,4.1,3.94,3.78,0.1599999999999997
2025-11-21,4.06,3.9,3.75,0.1599999999999997
2025-11-24,4.04,3.91,3.75,0.1299999999999999
2025-11-25,4.01,3.9,3.74,0.10999999999999988
2025-11-26,4.0,3.92,3.76,0.08000000000000007
2025-11-27,,,,
2025-11-28,4.02,3.88,3.73,0.13999999999999968
2025-12-01,4.09,3.81,3.71,0.2799999999999998
2025-12-02,4.09,3.77,3.68,0.31999999999999984
2025-12-03,4.06,3.72,3.64,0.3399999999999994
2025-12-04,4.11,3.71,3.63,0.40000000000000036
2025-12-05,4.14,3.71,3.62,0.4299999999999997
2025-12-08,4.17,3.73,3.64,0.43999999999999995
2025-12-09,4.18,3.73,3.64,0.44999999999999973
2025-12-10,4.13,3.69,3.6,0.43999999999999995
2025-12-11,4.14,3.66,3.58,0.47999999999999954
2025-12-12,4.19,3.63,3.54,0.5600000000000005
2025-12-15,4.18,3.65,3.56,0.5299999999999998
2025-12-16,4.15,3.64,3.56,0.5100000000000002
2025-12-17,4.16,3.64,3.55,0.52
2025-12-18,4.12,3.62,3.53,0.5
2025-12-19,4.16,3.62,3.54,0.54
2025-12-22,4.17,3.64,3.56,0.5299999999999998
2025-12-23,4.18,3.65,3.56,0.5299999999999998
2025-12-24,4.15,3.69,3.6,0.4600000000000004
2025-12-25,,,,
2025-12-26,4.14,3.64,3.56,0.49999999999999956
2025-12-29,4.12,3.68,3.57,0.43999999999999995
2025-12-30,4.14,3.65,3.55,0.48999999999999977
2025-12-31,4.18,3.67,3.57,0.5099999999999998
