Date,BACB
2021-01-01,-0.00012568819149015706
2021-01-02,-0.00770042452728144
2021-01-03,0.058137918748925876
2021-01-04,0.021240319838449543
2021-01-05,0.020917936534818618
2021-01-06,0.021663785479563966
2021-01-07,0.004113709903332573
2021-01-08,0.035965615495160544
2021-01-09,0.024310084666769198
2021-01-10,-0.0037693754962072213
2021-01-11,-0.0630523086412032
2021-01-12,-0.004785980070545108
2021-01-13,0.04994538372314715
2021-01-14,0.015935815009862443
2021-01-15,0.033836743839047896
2021-01-16,0.04364663060642574
2021-01-17,0.03377153562171848
2021-01-18,0.003999314092237184
2021-01-19,-0.03013073585630065
2021-01-20,0.013935909926221204
2021-01-21,-0.10038512613416686
2021-01-22,0.06350351835322542
2021-01-23,0.008125641107216464
2021-01-24,0.01459599322497903
2021-01-25,-0.017630606169793287
2021-01-26,0.003417192592780966
2021-01-27,-0.04955909662177706
2021-01-28,0.032177104601917035
2021-01-29,0.004412951665267915
2021-01-30,0.016289503675285828
2021-01-31,-0.012125124373930048
2021-02-01,0.03453856142626741
2021-02-02,0.023459017061999543
2021-02-03,0.03799380264936546
2021-02-04,-0.010081592068282314
2021-02-05,0.07592353407116854
2021-02-06,-0.03889508229640711
2021-02-07,0.05275756851633181
2021-02-08,0.05231399855658269
2021-02-09,0.017094631277723354
2021-02-10,0.0009715390461177906
2021-02-11,0.04299330799560155
2021-02-12,0.10316630305290105
2021-02-13,-0.014148769052774802
2021-02-14,-0.022696355941821685
2021-02-15,-0.00393668827887892
2021-02-16,0.006593314475236889
2021-02-17,0.016645139677586865
2021-02-18,0.0006211158174970755
2021-02-19,0.019498580489521217
2021-02-20,-0.02614450911080195
2021-02-21,0.0022452617570282857
2021-02-22,-0.01535322234718079
2021-02-23,-0.040851726288243725
2021-02-24,0.0133244397400257
2021-02-25,-0.04201822888346967
2021-02-26,0.008597255295251844
2021-02-27,0.01092798792768716
2021-02-28,-0.030990463173814427
2021-03-01,0.044115017745266875
2021-03-02,-0.02863512482084027
2021-03-03,0.020187283926343797
2021-03-04,-0.012083898849802545
2021-03-05,-0.001968334869735968
2021-03-06,0.0022782408043007045
2021-03-07,0.00893245397199879
2021-03-08,-0.0005705572501022634
2021-03-09,0.01000628632313168
2021-03-10,-0.00698419220110655
2021-03-11,0.0018375792602254375
2021-03-12,-0.005864243433171928
2021-03-13,0.010245497412535656
2021-03-14,-0.012514011869297804
2021-03-15,-0.004101499120255948
2021-03-16,0.008694026641409364
2021-03-17,0.005280804455917738
2021-03-18,-0.004214728571146029
2021-03-19,-0.001421757099541131
2021-03-20,0.0012256639122635233
2021-03-21,-0.007530205970679097
2021-03-22,-0.005912021003191711
2021-03-23,-0.00034903960477875257
2021-03-24,-0.011639207631215613
2021-03-25,-0.004386670574245012
2021-03-26,0.017909233421592955
2021-03-27,0.001312089412536536
2021-03-28,0.005307582469000665
2021-03-29,0.013114858624684634
2021-03-30,0.001469750578402588
2021-03-31,0.0030736513654240107
2021-04-01,-0.0032914117446840785
2021-04-02,0.008101389542986665
2021-04-03,0.0005595997665204053
2021-04-04,0.008255605225492327
2021-04-05,0.0025255005803743636
2021-04-06,0.007197564303245791
2021-04-07,-0.014808896873366093
2021-04-08,0.0085612328776786
2021-04-09,0.003831889751778505
2021-04-10,-0.0003207412526020935
2021-04-11,0.010344359754258509
2021-04-12,-0.005808779278485344
2021-04-13,0.001615360898664216
2021-04-14,0.00656315736574282
2021-04-15,-0.004734297269634849
2021-04-16,-0.013261044620231331
2021-04-17,0.00362989994791239
2021-04-18,-0.006946637762051266
2021-04-19,-0.02045987298672135
2021-04-20,0.008662661888082472
2021-04-21,-0.005385643246861207
2021-04-22,0.002906053663257469
2021-04-23,-0.001091794694253822
2021-04-24,-0.004938219371282563
2021-04-25,0.009214076341463043
2021-04-26,0.011710602153415775
2021-04-27,0.00017404992099592963
2021-04-28,-0.004800904288150027
2021-04-29,0.0022986663969477472
2021-04-30,0.003803416445089206
2021-05-01,0.009399536684019523
2021-05-02,-0.003938269787892572
2021-05-03,0.00786375340581279
2021-05-04,-0.01859762956082936
2021-05-05,0.01427005634402261
2021-05-06,0.005280266540999448
2021-05-07,0.004857521366257959
2021-05-08,0.003255464528318689
2021-05-09,-0.002853935857176266
2021-05-10,-0.013137203199710991
2021-05-11,0.012327701028417997
2021-05-12,-0.01885414527908017
2021-05-13,0.007341622845263502
2021-05-14,0.005787217170865801
2021-05-15,-0.005461195515913824
2021-05-16,0.0010337317408895066
2021-05-17,-0.013640616121790041
2021-05-18,0.011579037950903436
2021-05-19,-0.04956713554302688
2021-05-20,0.026613327306818577
2021-05-21,-0.022740083004235474
2021-05-22,-0.012850675807593411
2021-05-23,-0.018192697811710477
2021-05-24,0.028734111384476957
2021-05-25,0.00031952412321463274
2021-05-26,0.009260568622007363
2021-05-27,-0.005994316176221934
2021-05-28,-0.01815206041870901
2021-05-29,-0.00978386886448539
2021-05-30,0.009231477564790177
2021-05-31,0.01794592946973682
2021-06-01,-0.0029171075174673606
2021-06-02,0.010826900753041204
2021-06-03,0.01313721336078308
2021-06-04,-0.014258526434532692
2021-06-05,0.0014697629017695107
2021-06-06,0.008626915748908314
2021-06-07,-0.012426711694754143
2021-06-08,0.0021353817419502968
2021-06-09,0.007513186201511037
2021-06-10,-0.0037606400649454075
2021-06-11,-0.006563789244767114
2021-06-12,-0.0017984578667554303
2021-06-13,0.006937192178734785
2021-06-14,0.0003939658597833821
2021-06-15,0.00820659257456888
2021-06-16,-0.008884817107924364
2021-06-17,0.0032341961863928317
2021-06-18,-0.010263695744602773
2021-06-19,-0.004739902750276201
2021-06-20,0.0032163386128803793
2021-06-21,-0.028409937926449517
2021-06-22,-0.003979732683843884
2021-06-23,0.014044492453823392
2021-06-24,0.0006704354502875938
2021-06-25,-0.015041624797935919
2021-06-26,0.00256733847534643
2021-06-27,0.00861908877952453
2021-06-28,0.004891580276573478
2021-06-29,0.0075563244348134315
2021-06-30,0.0041724272594318886
2021-07-01,-0.007334524163917867
2021-07-02,0.00313047931696441
2021-07-03,0.004392453464114018
2021-07-04,0.0021710765059223306
2021-07-05,-0.0022351688321270297
2021-07-06,0.0019184906411763936
2021-07-07,-0.0012242015114011396
2021-07-08,-0.010053854053259455
2021-07-09,0.0010171704261534398
2021-07-10,0.002703755067599655
2021-07-11,0.0017390689203247657
2021-07-12,-0.005427283424132936
2021-07-13,-0.006800581052407392
2021-07-14,0.0001455175081520951
2021-07-15,-0.007499117810755549
2021-07-16,-0.00546062450876886
2021-07-17,0.0017628806626898072
2021-07-18,0.0007660388105018378
2021-07-19,-0.010403678009180841
2021-07-20,-0.005483525635620826
2021-07-21,0.015540000997892493
2021-07-22,0.005779710575032648
2021-07-23,0.001798775883100489
2021-07-24,0.005646953342395475
2021-07-25,0.0015854593868948775
2021-07-26,-0.0002839619721149195
2021-07-27,0.0023136875072882154
2021-07-28,-0.0011050125098231857
2021-07-29,0.007110588802045815
2021-07-30,0.005876424642235469
2021-07-31,0.0064215188646081335
2021-08-01,-0.00388889012230989
2021-08-02,0.00026673010566978815
2021-08-03,-0.003929779552529321
2021-08-04,0.010148559052447931
2021-08-05,0.00526304609919602
2021-08-06,0.004862385284418948
2021-08-07,0.00836381793395146
2021-08-08,-0.008758925657146246
2021-08-09,0.006097560723842905
2021-08-10,-0.0014830999366583734
2021-08-11,0.005720024810824429
2021-08-12,-0.0018715882130264545
2021-08-13,0.011391861128132433
2021-08-14,-0.0036849306378682334
2021-08-15,0.006036821040857735
2021-08-16,0.005494858065928978
2021-08-17,-0.0012884767618538808
2021-08-18,0.01249952846632188
2021-08-19,0.009409264048701174
2021-08-20,0.006563973652987458
2021-08-21,0.010122187827606346
2021-08-22,-0.0032409067142035917
2021-08-23,0.005848024609740977
2021-08-24,-0.013334224946959614
2021-08-25,0.014876567640242738
2021-08-26,-0.011655097672874041
2021-08-27,0.023575701843154048
2021-08-28,0.010220073694802267
2021-08-29,-0.004192073171015738
2021-08-30,0.0023621484215232296
2021-08-31,0.006239568854917569
2021-09-01,0.00919518782175165
2021-09-02,0.00021815997339659472
2021-09-03,0.01005778619020037
2021-09-04,-0.0055068018705535
2021-09-05,0.0067628001581418375
2021-09-06,0.007877803755202384
2021-09-07,0.0012652186785750232
2021-09-08,0.0261223506302118
2021-09-09,0.022860657524551183
2021-09-10,0.0007453703640323453
2021-09-11,-0.006296398163300957
2021-09-12,0.021466983253687365
2021-09-13,-0.008681024096609393
2021-09-14,-0.008385192115750603
2021-09-15,0.012513615011800174
2021-09-16,0.004676894852527982
2021-09-17,-0.022314344048712933
2021-09-18,0.023407277783238613
2021-09-19,0.010291583419682376
2021-09-20,-0.03369236961085631
2021-09-21,-0.012674929682620174
2021-09-22,0.033927906706898596
2021-09-23,0.013437613523848348
2021-09-24,-0.0045038498170759285
2021-09-25,-0.006841570429894593
2021-09-26,-0.005178980564194787
2021-09-27,-0.005919951360824945
2021-09-28,-0.006111327580925282
2021-09-29,0.002064333283278537
2021-09-30,0.006003361728564831
2021-10-01,0.006375292620219298
2021-10-02,0.0038967581499114268
2021-10-03,0.002729874903592224
2021-10-04,-0.00406768802363293
2021-10-05,0.0020374045087723195
2021-10-06,-0.00467424334214417
2021-10-07,-0.0026729772150450577
2021-10-08,-0.002206132354228303
2021-10-09,0.0014088662005123083
2021-10-10,-0.0087515421790835
2021-10-11,-0.006702641888793493
2021-10-12,0.005240025479912795
2021-10-13,0.006052802081026753
2021-10-14,0.009073154673841571
2021-10-15,0.00322924603421474
2021-10-16,0.0004401797686471567
2021-10-17,-0.0015043444636872571
2021-10-18,-0.0008110007921801732
2021-10-19,0.004873925711594519
2021-10-20,0.017612779489685083
2021-10-21,-0.01557384758667921
2021-10-22,0.015150298435470218
2021-10-23,0.0002759554100988769
2021-10-24,-0.007696462370334386
2021-10-25,0.019429336776604026
2021-10-26,-0.00289017055994032
2021-10-27,-0.016913548250079728
2021-10-28,0.003518120027209392
2021-10-29,0.0008876745135293228
2021-10-30,-0.012750836876919983
2021-10-31,-0.0002566291465881127
2021-11-01,-0.011658038313484458
2021-11-02,0.0101536632385801
2021-11-03,-0.034495587778958815
2021-11-04,0.005400728365509128
2021-11-05,-0.007286992830269028
2021-11-06,0.006799458496390408
2021-11-07,0.0033223097346322676
2021-11-08,0.01269582822552828
2021-11-09,-0.01059109051919271
2021-11-10,-0.010385046583468182
2021-11-11,-0.005805407606237202
2021-11-12,-0.004826850336144647
2021-11-13,0.010222471247961804
2021-11-14,-0.0061653709127734435
2021-11-15,0.0018449759828161947
2021-11-16,-0.01701664362550303
2021-11-17,0.01920729945219707
2021-11-18,-0.03097137592340394
2021-11-19,0.01825847844573707
2021-11-20,0.015236005608886743
2021-11-21,-0.028835484839887092
2021-11-22,0.023639050003144924
2021-11-23,0.02644447207703678
2021-11-24,0.007584634036245487
2021-11-25,0.03974547258864729
2021-11-26,-0.03303246886524657
2021-11-27,0.004765507357279577
2021-11-28,0.014059690407844095
2021-11-29,-0.006548803699491781
2021-11-30,-0.004984320932045164
2021-12-01,-0.0057263969934799736
2021-12-02,-0.005461374304770302
2021-12-03,-0.025332745558833025
2021-12-04,-0.03834471844022927
2021-12-05,-0.00860672856932608
2021-12-06,0.00839334683821184
2021-12-07,-0.0027679876079474883
2021-12-08,0.01463150648396294
2021-12-09,-0.010120996808304276
2021-12-10,-0.011761002879845495
2021-12-11,0.017901678434390236
2021-12-12,0.004902480776649706
2021-12-13,-0.018032362347320027
2021-12-14,8.203606206784038e-05
2021-12-15,0.005691191719172112
2021-12-16,-0.002845943438349322
2021-12-17,-0.007513180388108141
2021-12-18,0.001161022459013497
2021-12-19,-0.0005277688833174349
2021-12-20,0.004448875572165202
2021-12-21,0.011513487261262955
2021-12-22,0.006962735483416769
2021-12-23,0.01478113791010438
2021-12-24,0.00012412152593726278
2021-12-25,0.0015105146546929508
2021-12-26,-0.0013010606933854159
2021-12-27,-0.004310023335599852
2021-12-28,-0.024458900790769688
2021-12-29,-0.004611155205807094
2021-12-30,0.007877533399251959
2021-12-31,0.001845346625575723
2022-01-01,0.022137130740253787
2022-01-02,-0.0006540056927449271
2022-01-03,0.008171035348818507
2022-01-04,-0.007861649895146535
2022-01-05,-0.020162046960016174
2022-01-06,0.00046669383039020583
2022-01-07,-0.01583991361829602
2022-01-08,-0.015389154885082792
2022-01-09,0.004952479158638452
2022-01-10,0.002090273715586407
2022-01-11,0.020172774158738447
2022-01-12,0.011289599147552187
2022-01-13,-0.005145991944613798
2022-01-14,0.005066130781793858
2022-01-15,-0.0021030205399265667
2022-01-16,0.010508187633840016
2022-01-17,-0.010823239905449162
2022-01-18,-0.0031788889657824414
2022-01-19,-0.014419227431796338
2022-01-20,-0.01228834448369786
2022-01-21,-0.028198816777316237
2022-01-22,-0.02097031996342254
2022-01-23,0.011502554414162695
2022-01-24,-0.0019274921384876422
2022-01-25,-0.003044497533354963
2022-01-26,0.0034592480102969467
2022-01-27,0.0005501030763452916
2022-01-28,0.0030936321058429024
2022-01-29,0.00273472806430015
2022-01-30,-0.0037483614341104646
2022-01-31,0.009690255049283183
2022-02-01,-0.004237429128758371
2022-02-02,-0.014096776662613553
2022-02-03,0.0035107524524723792
2022-02-04,0.015162080939439628
2022-02-05,0.01522760208226436
2022-02-06,0.013938188206101609
2022-02-07,0.0029093757517368473
2022-02-08,-2.85521370339761e-05
2022-02-09,0.00043105438715569384
2022-02-10,-0.002109665854231315
2022-02-11,-0.006750844943892528
2022-02-12,0.00046449876142275594
2022-02-13,-0.000633032897008355
2022-02-14,-0.002129905679755737
2022-02-15,0.009305079421491868
2022-02-16,-0.0032466717841136386
2022-02-17,-0.01879449630120473
2022-02-18,-0.0018823407954456114
2022-02-19,0.009378513758120917
2022-02-20,-0.01384753793243652
2022-02-21,-0.008356857507833102
2022-02-22,0.0031599285321595853
2022-02-23,0.00099182084794815
2022-02-24,-0.0007280393220463314
2022-02-25,0.009890644820586516
2022-02-26,0.008705450768642578
2022-02-27,-0.005902143888077776
2022-02-28,0.019915470087001636
2022-03-01,-0.010210653114572445
2022-03-02,0.02050049171509379
2022-03-03,-0.010389881301925457
2022-03-04,-0.014468538529913337
2022-03-05,-0.0005870483082108958
2022-03-06,-0.01505055968702097
2022-03-07,-0.006990276813471669
2022-03-08,-0.007064446721629226
2022-03-09,0.013242594249409894
2022-03-10,0.0065189968036410365
2022-03-11,-0.01507215366250041
2022-03-12,-0.009576637654450673
2022-03-13,0.006192033799025695
2022-03-14,-0.0061166777001425985
2022-03-15,0.002864745129274661
2022-03-16,0.004695291600115811
2022-03-17,-0.005690652137750641
2022-03-18,0.0009329353436485894
2022-03-19,-0.003670061351385156
2022-03-20,-0.0041521386674326765
2022-03-21,0.0013465898651857453
2022-03-22,0.01682678181305994
2022-03-23,0.0013431506675815868
2022-03-24,0.01434689812116977
2022-03-25,-0.015880875572178158
2022-03-26,-0.006661418207821036
2022-03-27,0.017141928147973128
2022-03-28,-0.017055088721735737
2022-03-29,0.009021183475085036
2022-03-30,0.0281031226169192
2022-03-31,-0.010210719817532578
2022-04-01,0.017793974838347725
2022-04-02,-0.007790520104982462
2022-04-03,0.00839043496595984
2022-04-04,-0.011460052751548459
2022-04-05,-0.014588010659135757
2022-04-06,-0.025846446528748186
2022-04-07,0.010844323315261374
2022-04-08,-0.02500857207599542
2022-04-09,0.005475953030524114
2022-04-10,-0.008866912523517028
2022-04-11,-0.01386173841678623
2022-04-12,0.003287181098149044
2022-04-13,0.006759552184452984
2022-04-14,-0.0031674899353826883
2022-04-15,0.003115923738117672
2022-04-16,-0.0004023243607100194
2022-04-17,-0.005353215076079576
2022-04-18,0.0016915038187328814
2022-04-19,0.002294197966752884
2022-04-20,0.0030044115556258047
2022-04-21,-0.007973906019174352
2022-04-22,-0.0029746461681172706
2022-04-23,-0.0038772415127016637
2022-04-24,-0.0029999965037653545
2022-04-25,-4.874651677992515e-05
2022-04-26,-0.03349679084573921
2022-04-27,0.011590748837145283
2022-04-28,-0.005133597480950993
2022-04-29,-0.025153706531530318
2022-04-30,-0.038118420494281824
2022-05-01,0.02117402803326682
2022-05-02,0.0022479227592052307
2022-05-03,-0.0077018146626370585
2022-05-04,0.005285373700441523
2022-05-05,-0.011158077071414155
2022-05-06,0.00024038614391097804
2022-05-07,-0.0034918405978249865
2022-05-08,-0.006643232277272801
2022-05-09,-0.024275918478954904
2022-05-10,0.003749851052064999
2022-05-11,-0.022333394871819408
2022-05-12,-0.00849418846269886
2022-05-13,0.008395766626506531
2022-05-14,-0.005079177264976281
2022-05-15,0.016706955311770647
2022-05-16,-0.0068722328925136435
2022-05-17,0.004875288041594566
2022-05-18,-0.007510774694743355
2022-05-19,0.006484927019866264
2022-05-20,-0.004135404451222005
2022-05-21,0.001860191773782537
2022-05-22,0.0033692799033016477
2022-05-23,-0.004333953930888816
2022-05-24,0.004606625524121328
2022-05-25,-0.0027626269155934446
2022-05-26,-0.006820227659154483
2022-05-27,-0.008592510302393452
2022-05-28,0.004680965149459584
2022-05-29,0.0033670488299963213
2022-05-30,0.011576051902414983
2022-05-31,-0.0006047960092354485
2022-06-01,-0.010115672762566403
2022-06-02,0.01246637727891051
2022-06-03,-0.0010151548229968604
2022-06-04,0.0006701221586268304
2022-06-05,-0.007355771412942792
2022-06-06,0.0012580353674387663
2022-06-07,-0.0029966369519295734
2022-06-08,-0.0005187184021189124
2022-06-09,4.298024663735296e-05
2022-06-10,-0.0045784494090266355
2022-06-11,-0.005933808808642136
2022-06-12,-0.006099844915017476
2022-06-13,-0.031765721848382514
2022-06-14,0.0013639571691613289
2022-06-15,-0.008817030858163865
2022-06-16,-0.0071227687790096205
2022-06-17,0.008008503238890073
2022-06-18,-0.009423646700288014
2022-06-19,0.014807093315907606
2022-06-20,-0.0024489805135682326
2022-06-21,0.0032134869573227118
2022-06-22,-0.010656071345581613
2022-06-23,0.015723044173952434
2022-06-24,0.005301048928014755
2022-06-25,-0.002220225107083997
2022-06-26,0.007116481755325062
2022-06-27,-0.0020111200527059307
2022-06-28,-0.0032730578571176796
2022-06-29,-0.0024496936429919416
2022-06-30,-0.0017951219876386963
2022-07-01,-0.0038905758915902785
2022-07-02,0.0011594033703941433
2022-07-03,-0.0008606324684161917
2022-07-04,0.014712178260319635
2022-07-05,0.004717094808274364
2022-07-06,0.0017130863855171472
2022-07-07,0.012536030074891215
2022-07-08,-0.003595061745082288
2022-07-09,0.003086283769156993
2022-07-10,-0.01446554314597021
2022-07-11,-0.01923933785420546
2022-07-12,0.004175335404796975
2022-07-13,0.004166709031594817
2022-07-14,0.009405204690989492
2022-07-15,0.005451347811687234
2022-07-16,0.008610225060051801
2022-07-17,-0.003578764740003116
2022-07-18,0.023550864744643574
2022-07-19,0.007871326033836005
2022-07-20,-0.01085961596888173
2022-07-21,0.002667886217838791
2022-07-22,0.0013981851435141844
2022-07-23,0.0001007738326357518
2022-07-24,-0.004099813406547327
2022-07-25,-0.02090155329064835
2022-07-26,0.004895407825405061
2022-07-27,0.013646619329698795
2022-07-28,0.002395137597230155
2022-07-29,0.021814649937398133
2022-07-30,-0.0035739784746173313
2022-07-31,-0.0016634809464370786
2022-08-01,-0.004480164892562587
2022-08-02,-0.004751918161992884
2022-08-03,0.008189510737196815
2022-08-04,0.011088617195699958
2022-08-05,0.004900135715328475
2022-08-06,-0.0007737546755370738
2022-08-07,0.002260247120672829
2022-08-08,0.0059388952899920985
2022-08-09,-0.005121695285997811
2022-08-10,0.005023147708009028
2022-08-11,0.013994231117311096
2022-08-12,0.022088348646355557
2022-08-13,-0.014726395104989963
2022-08-14,-0.01040926414146996
2022-08-15,-0.0013483685744201893
2022-08-16,0.003531961326067583
2022-08-17,-0.004321821822300832
2022-08-18,-0.008674948683313125
2022-08-19,-0.02135622323843803
2022-08-20,0.0009817269562693144
2022-08-21,0.009414839653250875
2022-08-22,0.007453597708098164
2022-08-23,0.007577991599368678
2022-08-24,-0.0012189665475724751
2022-08-25,-0.0007057668148019449
2022-08-26,-0.013805716923604926
2022-08-27,-0.0007412722230498856
2022-08-28,-0.0049810653472236776
2022-08-29,-8.502655424077218e-05
2022-08-30,-0.007509466594615188
2022-08-31,-0.006629908060928254
2022-09-01,0.001906870458455528
2022-09-02,0.002438305084638133
2022-09-03,0.008018586049961019
2022-09-04,0.0026531522543973268
2022-09-05,0.0021812749217289358
2022-09-06,-0.02238743207557709
2022-09-07,0.01873568991552961
2022-09-08,-0.0058246735297597255
2022-09-09,0.01963975005525236
2022-09-10,0.0034013635248000456
2022-09-11,-0.0009839414018514281
2022-09-12,-0.004052366044772375
2022-09-13,-0.027036423295459428
2022-09-14,0.006492173124296665
2022-09-15,-0.010791559364281543
2022-09-16,0.0035387637276703176
2022-09-17,0.010273886940758793
2022-09-18,-0.030562099506125498
2022-09-19,0.014383077431653204
2022-09-20,-0.008508379556422634
2022-09-21,-0.005058641491822054
2022-09-22,0.022104509821484247
2022-09-23,0.0024186392461255316
2022-09-24,-0.003911115606918628
2022-09-25,-0.0018559282463638872
2022-09-26,-0.0011897815842266365
2022-09-27,-0.004953235524731054
2022-09-28,0.004218863726757458
2022-09-29,0.0014477824684003548
2022-09-30,0.0002516588754872651
2022-10-01,0.0012985799746479479
2022-10-02,-0.0016998903217210672
2022-10-03,0.005619286619197754
2022-10-04,0.009055868619573689
2022-10-05,-0.0014611216903330409
2022-10-06,-0.003408166294735635
2022-10-07,0.0025333665353670176
2022-10-08,-0.0034631558511928387
2022-10-09,0.0031313567839012396
2022-10-10,-0.03151914545162869
2022-10-11,-0.0062423537848854665
2022-10-12,-0.0035994219042092294
2022-10-13,-0.005410120944696876
2022-10-14,0.01564506479923703
2022-10-15,-0.0039142808884062835
2022-10-16,0.006505119190000748
2022-10-17,0.010188387849996159
2022-10-18,-0.012407759553869035
2022-10-19,-0.013497509679781278
2022-10-20,-0.009248573617456745
2022-10-21,0.01932996985666315
2022-10-22,0.0008948144562416601
2022-10-23,0.023944162774696055
2022-10-24,-0.019698568306215875
2022-10-25,0.022834818784263092
2022-10-26,0.026305542714106307
2022-10-27,0.013127960079217698
2022-10-28,0.008495045077924233
2022-10-29,0.01331279375209399
2022-10-30,0.0054941454303214
2022-10-31,-0.004079411594975169
2022-11-01,-0.003774594886355355
2022-11-02,-0.002908939773558879
2022-11-03,0.01339831367965031
2022-11-04,0.03131430250809992
2022-11-05,0.0049399926325534365
2022-11-06,-0.01611604418186582
2022-11-07,-0.004039332188922332
2022-11-08,-0.00891698301129783
2022-11-09,-0.036155785854022245
2022-11-10,0.024503218879565688
2022-11-11,-0.0007358853432886075
2022-11-12,-0.0029797210301277244
2022-11-13,-0.004549716165036779
2022-11-14,0.0011237445621141329
2022-11-15,0.0005473639469164117
2022-11-16,-0.0025323373415038404
2022-11-17,0.0019446684232722379
2022-11-18,0.0005382941387393478
2022-11-19,0.0011691813852241668
2022-11-20,-0.0031367042115851562
2022-11-21,-0.004545697480212951
2022-11-22,0.008911938527585468
2022-11-23,0.01386742521313676
2022-11-24,0.002850215835799278
2022-11-25,-0.0020880405746897496
2022-11-26,0.0002406180578825785
2022-11-27,0.0006814432617217951
2022-11-28,-0.007818285035521982
2022-11-29,0.0063595041087979145
2022-11-30,0.008064460040702999
2022-12-01,-0.00971555523021526
2022-12-02,0.0018319927297800126
2022-12-03,-0.008170313510003933
2022-12-04,0.007023330173239225
2022-12-05,-0.0020382041019487785
2022-12-06,0.0003822475425024432
2022-12-07,-0.002538531127202806
2022-12-08,0.0018892307377348751
2022-12-09,-0.0011920418919756938
2022-12-10,-0.0008518003459096446
2022-12-11,-0.0003999675483556744
2022-12-12,-0.004534705685969364
2022-12-13,-5.972486187646663e-05
2022-12-14,-0.0009899966375389669
2022-12-15,-0.00511729765907549
2022-12-16,-0.016297253402185654
2022-12-17,0.005152200795076361
2022-12-18,0.00219221868998192
2022-12-19,-0.00473299535792829
2022-12-20,0.00334591471230128
2022-12-21,-0.0014575355981642502
2022-12-22,-0.00018657053084251613
2022-12-23,-1.3582047657768084e-05
2022-12-24,-0.00018909202519653184
2022-12-25,-0.0008652887849867791
2022-12-26,0.0024548836716505465
2022-12-27,-0.0024092861247899788
2022-12-28,-0.016067279639807478
2022-12-29,0.00031533356763631816
2022-12-30,-0.0007181100675501895
2022-12-31,0.0025850468154514686
2023-01-01,0.003422186434358081
2023-01-02,0.0051675139562710765
2023-01-03,-0.002989633730046765
2023-01-04,0.004033824115776825
2023-01-05,0.0014793643214618356
2023-01-06,0.009365251245168774
2023-01-07,0.004916359164659294
2023-01-08,0.0014680539240453584
2023-01-09,0.0026795271394435623
2023-01-10,0.004401815247740635
2023-01-11,-0.009796208477405801
2023-01-12,0.04056022417279655
2023-01-13,0.02926371264852829
2023-01-14,0.013381997915287215
2023-01-15,0.011082259766541131
2023-01-16,0.002268020622781586
2023-01-17,-0.006112288590864672
2023-01-18,-0.020929073295103184
2023-01-19,0.0106496991061583
2023-01-20,0.03401381980231246
2023-01-21,-0.00805610081323347
2023-01-22,0.003734889278391217
2023-01-23,0.0022051658337529706
2023-01-24,-0.013753954889780564
2023-01-25,0.01653790208781395
2023-01-26,0.004087789213600619
2023-01-27,-0.004304082992597907
2023-01-28,0.0020671614323518697
2023-01-29,0.007878519845757619
2023-01-30,-0.00831715224283812
2023-01-31,0.01410939551454901
2023-02-01,0.03411447582989616
2023-02-02,-0.005413160488278196
2023-02-03,0.008546292551534567
2023-02-04,-0.0009400746119163113
2023-02-05,-0.017384471928550357
2023-02-06,-0.005653112094992857
2023-02-07,0.009659243086708487
2023-02-08,-0.006904401283824483
2023-02-09,-0.020259897056928045
2023-02-10,0.010366642447468198
2023-02-11,0.00510342103863961
2023-02-12,0.0016544880376287542
2023-02-13,-0.011034212726753171
2023-02-14,0.001246378372233967
2023-02-15,0.009019886115834838
2023-02-16,-0.005491075468734513
2023-02-17,0.009000895897057304
2023-02-18,0.004837853105623065
2023-02-19,-0.003812066489744991
2023-02-20,0.0254370531615117
2023-02-21,-0.010261762124609797
2023-02-22,-0.02714448227196857
2023-02-23,-0.005709420995695345
2023-02-24,-0.013457445251509966
2023-02-25,-0.0019012611106945516
2023-02-26,0.0034547872567729896
2023-02-27,-0.0058474246771968
2023-02-28,-0.0032498218221751964
2023-03-01,0.004893646759551606
2023-03-02,-0.0026616515299728283
2023-03-03,-0.008567749940223888
2023-03-04,-0.002762836738491896
2023-03-05,-0.006456967940252844
2023-03-06,0.0018238397271940167
2023-03-07,0.003786685332184696
2023-03-08,0.002166109928068902
2023-03-09,-0.005020923406553621
2023-03-10,-0.002748282342985541
2023-03-11,0.00035723562692507323
2023-03-12,-0.012599161011450791
2023-03-13,0.004203408515387795
2023-03-14,0.008468669617471744
2023-03-15,-0.0014149982569607767
2023-03-16,0.0033337093463622625
2023-03-17,0.0022164990157199104
2023-03-18,-0.006262465710155244
2023-03-19,0.003455511274538421
2023-03-20,-0.0060973853526738045
2023-03-21,0.00660819908026653
2023-03-22,-0.004679232462697191
2023-03-23,0.0059260629438315955
2023-03-24,-0.001247418016842287
2023-03-25,0.003264034470754887
2023-03-26,0.002134365846027124
2023-03-27,0.0003248034468154394
2023-03-28,0.004455524773049797
2023-03-29,0.003681709372840139
2023-03-30,0.001737708839886661
2023-03-31,-0.00017706785155843728
2023-04-01,-0.003822977331655985
2023-04-02,0.00295777824192238
2023-04-03,0.018154380477808547
2023-04-04,-0.0031944857670378945
2023-04-05,-0.022102893584018242
2023-04-06,-0.014913189401713642
2023-04-07,0.0028682862620353885
2023-04-08,-0.0023449184605377586
2023-04-09,0.012230697432036638
2023-04-10,-0.003241963319223781
2023-04-11,0.0008489351694125283
2023-04-12,-0.004960035688187274
2023-04-13,0.006692543159712293
2023-04-14,0.005250940193683203
2023-04-15,-0.002535662904543145
2023-04-16,0.0020469141831260047
2023-04-17,-0.008195593063662228
2023-04-18,0.003195507152095683
2023-04-19,-0.024407902366226714
2023-04-20,-0.0038054934145485657
2023-04-21,-0.015368893746166182
2023-04-22,0.007000833609834174
2023-04-23,-0.007125471977925254
2023-04-24,-0.002013874025034806
2023-04-25,0.0066044478807197405
2023-04-26,-0.00030402682265028144
2023-04-27,0.0025113876277982096
2023-04-28,-0.003379547213162021
2023-04-29,-0.0010603442113564093
2023-04-30,-0.0015069834632786294
2023-05-01,-0.0056237567112381506
2023-05-02,0.02030400514293615
2023-05-03,-0.018825103308766966
2023-05-04,-0.007265707306784872
2023-05-05,0.0015451071179169043
2023-05-06,-0.03618196332962224
2023-05-07,-0.003894391940286485
2023-05-08,-0.007939365213105353
2023-05-09,0.004375348786705871
2023-05-10,0.00031825523434795617
2023-05-11,-0.0060868957581965005
2023-05-12,0.00118430231294625
2023-05-13,-0.0002911852547549784
2023-05-14,-0.0022155122180293977
2023-05-15,0.003046197643501007
2023-05-16,0.0024532658787503915
2023-05-17,0.00040196745821570137
2023-05-18,-0.003383812048571737
2023-05-19,-0.00044630087387517183
2023-05-20,-0.0025867457813818578
2023-05-21,-0.002045366506026597
2023-05-22,0.0026414667708880434
2023-05-23,-0.0004760929104891766
2023-05-24,-0.00701156319337656
2023-05-25,-0.00137734278411205
2023-05-26,0.0016653524460116145
2023-05-27,0.0008777811175995297
2023-05-28,0.008235904752908769
2023-05-29,-0.002342770907170696
2023-05-30,0.0033381379895396847
2023-05-31,-0.003706280525514069
2023-06-01,-0.0045813529311317285
2023-06-02,-0.01661636280075926
2023-06-03,-6.78728530505733e-05
2023-06-04,0.025321087513815958
2023-06-05,-0.043582858714589265
2023-06-06,0.00767310876808132
2023-06-07,-0.0020204393599935837
2023-06-08,-0.008041409738941432
2023-06-09,-0.007170105442019319
2023-06-10,-0.0013214748471643907
2023-06-11,-0.003778767787107143
2023-06-12,-0.010555866395525287
2023-06-13,0.005922563659138292
2023-06-14,-0.008106512739951147
2023-06-15,-0.0034253833018705057
2023-06-16,0.0012062421939051447
2023-06-17,0.0041074729002606595
2023-06-18,-0.00041213941620527533
2023-06-19,0.004134299097496415
2023-06-20,0.006531277215061346
2023-06-21,-0.013728624963565078
2023-06-22,0.02471975348347381
2023-06-23,0.010700542491947448
2023-06-24,-0.006953978106524483
2023-06-25,0.007959411058000456
2023-06-26,-0.04352396785828048
2023-06-27,0.029056050103233397
2023-06-28,-0.024285619407052195
2023-06-29,0.0035252895326385483
2023-06-30,0.021791258456207427
2023-07-01,-0.00327905376674735
2023-07-02,-0.0021036756852781447
2023-07-03,-0.005860206952522645
2023-07-04,-0.020776428287189348
2023-07-05,-0.01592786575164426
2023-07-06,-0.01976429065956535
2023-07-07,-0.00186179460303581
2023-07-08,0.003976062313571634
2023-07-09,-0.01896529533890864
2023-07-10,-0.008068685429079273
2023-07-11,0.007487416943826489
2023-07-12,-0.006058068018669845
2023-07-13,0.04020903178363073
2023-07-14,-0.011179563682923346
2023-07-15,-0.012276910793530417
2023-07-16,0.016251160963284775
2023-07-17,-0.011357878746025953
2023-07-18,-0.01749271980011782
2023-07-19,-0.019216974963900305
2023-07-20,0.029390732963106486
2023-07-21,0.0073775757267236595
2023-07-22,-0.006418654571485351
2023-07-23,-0.002575965388035696
2023-07-24,-0.02482284321814946
2023-07-25,0.010370755901390003
2023-07-26,0.0017023018163177489
2023-07-27,0.0010431004112099094
2023-07-28,0.03550278921160121
2023-07-29,-0.022594473452323145
2023-07-30,0.0017575080295117573
2023-07-31,-0.01763775250922801
2023-08-01,-0.012375371420614643
2023-08-02,-0.006174492395094762
2023-08-03,0.024062583928240733
2023-08-04,-0.014200723724204405
2023-08-05,0.024842944124873912
2023-08-06,-0.00018261166191797484
2023-08-07,-0.0009465610449426857
2023-08-08,0.007486105045739419
2023-08-09,0.0007575859317993807
2023-08-10,-0.0011106798011792198
2023-08-11,-0.0014152683016463398
2023-08-12,0.0023968755024553843
2023-08-13,-0.005766064414930773
2023-08-14,0.005678618555472405
2023-08-15,-0.022553761490679804
2023-08-16,-0.00960695678351992
2023-08-17,-0.057942456822206966
2023-08-18,0.0005322392254075571
2023-08-19,0.007192107080500393
2023-08-20,0.0007374014798484495
2023-08-21,-0.003923509375010536
2023-08-22,0.0009385657707193589
2023-08-23,0.0012273899629583035
2023-08-24,-0.00567906530258396
2023-08-25,-0.0005898345287453855
2023-08-26,-0.006127648397195057
2023-08-27,-0.0006900863993625802
2023-08-28,-0.001117198623985309
2023-08-29,0.006305326899428416
2023-08-30,0.014497340552287123
2023-08-31,-0.019972539262585645
2023-09-01,-0.00432407279454805
2023-09-02,-0.0048434781868688485
2023-09-03,-0.001670614931779907
2023-09-04,-0.0020041734100271565
2023-09-05,0.0011965662165530574
2023-09-06,0.0006946837879853632
2023-09-07,0.0031746446399913294
2023-09-08,-0.00429248026963888
2023-09-09,-0.010012947672395361
2023-09-10,-0.005468571134199897
2023-09-11,-0.010827636392467286
2023-09-12,-0.00602427633640209
2023-09-13,0.005540029979390285
2023-09-14,0.002591745817291118
2023-09-15,0.014035731317249396
2023-09-16,0.004835711886665821
2023-09-17,-0.015653411444558417
2023-09-18,0.006651242412930913
2023-09-19,0.0061439069778562614
2023-09-20,0.0044782749960623515
2023-09-21,-0.009055612985684905
2023-09-22,0.0035159851504721817
2023-09-23,-0.0026300113230663578
2023-09-24,-0.009863673014839168
2023-09-25,0.007909788666627785
2023-09-26,-0.0035557828133593187
2023-09-27,-0.00467720034349541
2023-09-28,0.013620930367825577
2023-09-29,0.001473036281322133
2023-09-30,0.007454040447962101
2023-10-01,0.021153341108887634
2023-10-02,-0.02560086120360526
2023-10-03,-0.008653075774753508
2023-10-04,0.0018131227556401844
2023-10-05,-0.013026354507633486
2023-10-06,0.004681290261884498
2023-10-07,0.008669094307673864
2023-10-08,0.009088924988320667
2023-10-09,-0.03511384641972004
2023-10-10,0.006374170454302579
2023-10-11,0.0027792254173080945
2023-10-12,-0.0031180098792563528
2023-10-13,0.017855491042343307
2023-10-14,-0.009485883359077314
2023-10-15,-0.007930075781292517
2023-10-16,-0.006671303258429132
2023-10-17,0.009860552406217254
2023-10-18,-0.00866726840870647
2023-10-19,-0.005261917909058077
2023-10-20,0.01974294991211376
2023-10-21,0.02875993542902921
2023-10-22,0.013764691841266058
2023-10-23,0.044582226279424174
2023-10-24,0.011676339176102135
2023-10-25,0.021816025555448593
2023-10-26,-0.012245330571464237
2023-10-27,0.005214957402879908
2023-10-28,0.004078855728648641
2023-10-29,0.016167728234384476
2023-10-30,0.002667560836353481
2023-10-31,0.0007536124699645235
2023-11-01,0.02676650087775783
2023-11-02,-0.0033892497559072873
2023-11-03,0.0012009072811877744
2023-11-04,0.012448301123907787
2023-11-05,0.03249942534243603
2023-11-06,0.03120648699900536
2023-11-07,-0.016340093815828655
2023-11-08,0.01610284391567113
2023-11-09,-0.0014222743280665787
2023-11-10,0.023880396846859296
2023-11-11,0.016177071252082186
2023-11-12,0.005869747080096882
2023-11-13,-0.04788091515474918
2023-11-14,-0.0056536181901377
2023-11-15,0.07558304940245394
2023-11-16,-0.024102668998459597
2023-11-17,-0.003491949478102834
2023-11-18,-0.0037912346530440803
2023-11-19,0.0367083460325492
2023-11-20,-0.024790311624646226
2023-11-21,-0.02757490212572991
2023-11-22,0.031109415161559215
2023-11-23,0.011686043442549972
2023-11-24,-0.006689595024825479
2023-11-25,0.004174359905609579
2023-11-26,-0.005313099626653122
2023-11-27,0.016271337721189254
2023-11-28,-0.002094123272836843
2023-11-29,-0.001964460141285576
2023-11-30,-0.006651154630417183
2023-12-01,0.006074510104142612
2023-12-02,-0.015446439056489406
2023-12-03,0.00020163262012112793
2023-12-04,0.030237517456398747
2023-12-05,0.04441278246278548
2023-12-06,0.0343566905061981
2023-12-07,0.0240863640184855
2023-12-08,0.0200695318974746
2023-12-09,0.031070162607602952
2023-12-10,0.0007174584332742972
2023-12-11,-0.035780185433856256
2023-12-12,-0.012118040935262083
2023-12-13,-0.00041304306340821643
2023-12-14,0.017116225614979236
2023-12-15,-0.023623061347615
2023-12-16,-0.002480266867855881
2023-12-17,0.0017365050715442258
2023-12-18,-0.024264657874706164
2023-12-19,-0.026348813351631896
2023-12-20,0.02363934896544033
2023-12-21,0.029285385562907763
2023-12-22,0.008301231558282322
2023-12-23,0.0016086253166302834
2023-12-24,-0.007374218159998963
2023-12-25,0.031656188568655125
2023-12-26,0.0021967605806627274
2023-12-27,-0.0001438452931000297
2023-12-28,-0.010007909884721878
2023-12-29,-0.009003324500898772
2023-12-30,-0.005977900216813533
2023-12-31,-0.008409553017143355
2024-01-01,0.0526203363409016
2024-01-02,-0.012013563004711106
2024-01-03,-0.040369771571503565
2024-01-04,0.017505266098742048
2024-01-05,-0.028121775103760197
2024-01-06,-0.022094537727369228
2024-01-07,-0.024472715372927337
2024-01-08,0.01747934863361745
2024-01-09,-0.009281604161089738
2024-01-10,0.02639474995290624
2024-01-11,0.020763590169768125
2024-01-12,-0.014230782985439522
2024-01-13,0.002961888268059898
2024-01-14,-0.005261629195316037
2024-01-15,0.0055482520495113985
2024-01-16,0.005285176161639408
2024-01-17,-0.006368893040617593
2024-01-18,-0.0046264562952109765
2024-01-19,0.0008277825971539833
2024-01-20,0.004390545264796693
2024-01-21,-0.017205950918279932
2024-01-22,0.005633782780378848
2024-01-23,-0.022001728518775503
2024-01-24,0.004612537044149665
2024-01-25,-0.0006681444928278627
2024-01-26,0.03665131056388423
2024-01-27,-0.02103481806631494
2024-01-28,-0.0057998727236560675
2024-01-29,0.007311711705563894
2024-01-30,-0.007730973651926117
2024-01-31,-0.0038691780488345016
2024-02-01,0.00271925139366057
2024-02-02,0.004457604793059718
2024-02-03,0.0029594210972456766
2024-02-04,-0.00799240061970112
2024-02-05,0.006275427253967205
2024-02-06,-0.011165344258740021
2024-02-07,0.01965097489851805
2024-02-08,-0.018867148442011598
2024-02-09,0.006934991915211491
2024-02-10,0.0016967165198249381
2024-02-11,0.012711135228180823
2024-02-12,0.008260115184476885
2024-02-13,-0.005092799704992733
2024-02-14,0.01290763019385741
2024-02-15,0.029854186853593822
2024-02-16,-0.02821267615922216
2024-02-17,-0.02089037596310207
2024-02-18,0.005822368188994084
2024-02-19,0.017810429308425434
2024-02-20,-0.0045254620135839535
2024-02-21,-0.010161648616563957
2024-02-22,0.013531400919570781
2024-02-23,-0.008131621403017993
2024-02-24,0.014788019295291326
2024-02-25,0.003446448436840012
2024-02-26,0.030460277960975293
2024-02-27,-0.002011591576820879
2024-02-28,-0.009114420753902392
2024-02-29,0.009010460453065574
2024-03-01,0.029761732912509234
2024-03-02,0.04109237487985028
2024-03-03,0.0030342558659479475
2024-03-04,0.0020456846380234863
2024-03-05,-0.02948586869388119
2024-03-06,0.03551685673179781
2024-03-07,0.014782272377823194
2024-03-08,0.0036092592211654506
2024-03-09,0.017417869915305233
2024-03-10,0.006555492220334457
2024-03-11,0.004250472740872822
2024-03-12,-0.01001074623874046
2024-03-13,0.0063443175323507055
2024-03-14,-0.018532175756241717
2024-03-15,-0.02530937550164479
2024-03-16,-0.031038178880993424
2024-03-17,0.013383208253330968
2024-03-18,-0.010910651563957862
2024-03-19,-0.003923463930721302
2024-03-20,0.022730983650962693
2024-03-21,-0.009648527161068286
2024-03-22,-0.008701063829022965
2024-03-23,-0.00042509012970018694
2024-03-24,0.009926701394412074
2024-03-25,0.005950087347104202
2024-03-26,-0.0038710855445305524
2024-03-27,-0.001831173438835112
2024-03-28,0.006532774714023019
2024-03-29,0.004364748303460922
2024-03-30,-0.008330200933616503
2024-03-31,0.006955523403718636
2024-04-01,-0.0027042866221984605
2024-04-02,-0.01476419777939505
2024-04-03,-0.00407353924369775
2024-04-04,0.0085314603471672
2024-04-05,-0.002427397298247834
2024-04-06,0.0038092834249224736
2024-04-07,-0.0020117922109440804
2024-04-08,0.012404668185535326
2024-04-09,-0.020627927425508362
2024-04-10,-0.013090247896110909
2024-04-11,-0.008844054750292625
2024-04-12,-0.04370484812708111
2024-04-13,-0.021993598480236607
2024-04-14,0.018321403001883788
2024-04-15,0.004796318449057037
2024-04-16,-0.0001844378489769876
2024-04-17,-0.005455345299293552
2024-04-18,0.0010405035881766403
2024-04-19,0.0028259950330281995
2024-04-20,0.00753678192163735
2024-04-21,0.0015657823744775138
2024-04-22,0.01822819327907319
2024-04-23,-0.018818531727071302
2024-04-24,0.01745237269790172
2024-04-25,-0.017283226896154028
2024-04-26,0.005637919636975884
2024-04-27,0.006874332897627805
2024-04-28,-0.012451582573103567
2024-04-29,-0.0008063449996827813
2024-04-30,-0.010546115802751934
2024-05-01,-0.006182811014577306
2024-05-02,-0.006971674006768336
2024-05-03,0.007239110382895274
2024-05-04,-0.0058999807191119176
2024-05-05,0.005057792963739988
2024-05-06,0.013936467930141324
2024-05-07,-0.021739854467812954
2024-05-08,-0.005879015118346736
2024-05-09,0.013487550186503003
2024-05-10,-0.015498664778204
2024-05-11,-0.00912585898885066
2024-05-12,-0.0003457265212863624
2024-05-13,-0.0015835022778655332
2024-05-14,-0.005455544627003012
2024-05-15,0.007688376347472955
2024-05-16,0.0019345853606396208
2024-05-17,0.007618282514597155
2024-05-18,-0.0023961169666195
2024-05-19,-0.00801561738312474
2024-05-20,0.004135378832085119
2024-05-21,0.0006893396024418616
2024-05-22,-0.006142401581973978
2024-05-23,-0.0034595430120995855
2024-05-24,0.017430203928767107
2024-05-25,0.0009795179306719536
2024-05-26,-0.0004358873945136885
2024-05-27,0.010952233151190982
2024-05-28,-0.004563221768902517
2024-05-29,-0.0058290034266676345
2024-05-30,-0.0027298607540467783
2024-05-31,-0.005029615993586285
2024-06-01,0.008392170256234715
2024-06-02,-0.008470999233778026
2024-06-03,0.008310486773544236
2024-06-04,0.0002083377596509034
2024-06-05,0.018306649399615568
2024-06-06,-0.003725395102075457
2024-06-07,-0.027185370550257142
2024-06-08,-0.013127232419175235
2024-06-09,0.003121298056789708
2024-06-10,-0.004147607896560206
2024-06-11,-0.009587555174277054
2024-06-12,0.010040955064212764
2024-06-13,-0.011443837398153597
2024-06-14,-0.005859009727906946
2024-06-15,-0.0024184828676291482
2024-06-16,-0.0001027842817708948
2024-06-17,-0.003127600261205064
2024-06-18,-0.006142438145291682
2024-06-19,0.0029549594078546546
2024-06-20,0.0003196650074961677
2024-06-21,-0.0017751171690934195
2024-06-22,-0.0001465376283921076
2024-06-23,-0.003824619821267015
2024-06-24,0.004601625926765788
2024-06-25,0.00474232492298467
2024-06-26,-0.010166400912999899
2024-06-27,0.00409845496991601
2024-06-28,-0.03285966814202074
2024-06-29,0.02460015483051492
2024-06-30,0.017159022960629863
2024-07-01,0.0016763499115366373
2024-07-02,0.0018146934191609317
2024-07-03,-0.012853727684449496
2024-07-04,-0.021536797175179395
2024-07-05,0.001671729685690181
2024-07-06,0.015463800742624583
2024-07-07,-0.01630003369193091
2024-07-08,0.003994097125279421
2024-07-09,-0.00015970846996115302
2024-07-10,0.004282870067397415
2024-07-11,-0.0005326678932725917
2024-07-12,0.007343066784507241
2024-07-13,0.009560832157749935
2024-07-14,0.0035286690537687593
2024-07-15,0.015070179748766073
2024-07-16,0.0061874292425301075
2024-07-17,-0.0018336106473091948
2024-07-18,-0.010145715299927176
2024-07-19,0.014236262670874808
2024-07-20,-0.0006593060293573765
2024-07-21,0.002175023443617854
2024-07-22,-0.009933176706857226
2024-07-23,-0.015577153774092854
2024-07-24,-0.006899036748048453
2024-07-25,-0.012334429604561895
2024-07-26,0.011040884887831713
2024-07-27,0.0007191428055875332
2024-07-28,0.007418464677208377
2024-07-29,-4.406448095744305e-07
2024-07-30,0.005517266716442806
2024-07-31,-0.0002224403999478051
2024-08-01,-2.0059379200477715e-05
2024-08-02,-0.017335225723023553
2024-08-03,-0.008443602699376091
2024-08-04,-0.013078702818275974
2024-08-05,-0.013888068204489713
2024-08-06,0.011782633040359196
2024-08-07,0.006799820670107762
2024-08-08,0.015207966111171397
2024-08-09,-0.00485849943510471
2024-08-10,0.0011345742721592038
2024-08-11,-0.007119565742122681
2024-08-12,0.0034558504502561235
2024-08-13,0.0004100232632197552
2024-08-14,-0.0035059165126076763
2024-08-15,-0.0030535062622261155
2024-08-16,0.0019328189236157433
2024-08-17,0.0019872390060472847
2024-08-18,-0.0013685822386233077
2024-08-19,0.005705181192814779
2024-08-20,0.008907644650163679
2024-08-21,0.012541064807435106
2024-08-22,-0.0008920705926472399
2024-08-23,0.016097707324105665
2024-08-24,0.0023971115164911237
2024-08-25,-0.0048995525137773615
2024-08-26,-0.00640482458338774
2024-08-27,-0.011405256830337357
2024-08-28,-0.002233146939192643
2024-08-29,-0.0023839507876616873
2024-08-30,-0.0003203583516254217
2024-08-31,-0.002296835891322449
2024-09-01,-0.009664853981686247
2024-09-02,0.00445124964035933
2024-09-03,-0.007667887155954084
2024-09-04,-0.0030388843748626357
2024-09-05,-0.006548677589593341
2024-09-06,-0.005260360777033494
2024-09-07,0.0016942498311433914
2024-09-08,0.008790949385042136
2024-09-09,0.00868489697197904
2024-09-10,0.004343987789420145
2024-09-11,-0.002256847356664144
2024-09-12,0.009303412256132973
2024-09-13,0.004636971399036946
2024-09-14,0.00022901366473401411
2024-09-15,-0.004480849260568311
2024-09-16,-0.003341736219213886
2024-09-17,0.008258927097123
2024-09-18,0.010019624071153452
2024-09-19,0.005173167483928834
2024-09-20,0.0013067902409631307
2024-09-21,0.010686601314943867
2024-09-22,-0.005371922716627411
2024-09-23,-0.010709470607669365
2024-09-24,0.0011218543158831725
2024-09-25,-0.006900076527527354
2024-09-26,0.0005251051105597602
2024-09-27,0.007364795774414658
2024-09-28,-0.0030349114940789058
2024-09-29,-0.0023195781915784554
2024-09-30,-0.013703873269157393
2024-10-01,-0.025068492317660722
2024-10-02,-0.007821766889657132
2024-10-03,-0.011048915007385472
2024-10-04,0.020756730491577204
2024-10-05,-0.007771567257912323
2024-10-06,0.014322029716112263
2024-10-07,-0.0050022167914497906
2024-10-08,0.0003333405586425871
2024-10-09,-0.00322408818632322
2024-10-10,-0.0012636239615726476
2024-10-11,0.003263197766764773
2024-10-12,0.0015838457110409865
2024-10-13,-0.003803741869253895
2024-10-14,0.004609992065972141
2024-10-15,0.011481265152047365
2024-10-16,-0.005103339555943137
2024-10-17,-0.005346527107507823
2024-10-18,0.007044922146068323
2024-10-19,0.007994929441722773
2024-10-20,0.0365073776384385
2024-10-21,-0.013193671485761787
2024-10-22,0.006486749754203994
2024-10-23,-0.019256336339833605
2024-10-24,0.01364921620002113
2024-10-25,-0.037764421603283194
2024-10-26,0.021457728798464148
2024-10-27,0.009775429635539283
2024-10-28,0.001178755474968431
2024-10-29,0.009657680411307854
2024-10-30,-0.0017765444481888397
2024-10-31,-0.006784218597642035
2024-11-01,-0.0009603895134199174
2024-11-02,-0.004352772504694971
2024-11-03,-0.003991958114372321
2024-11-04,-0.0028504166080006756
2024-11-05,0.010338766620846922
2024-11-06,0.027259172884517447
2024-11-07,0.007579129598462719
2024-11-08,0.014583452290640054
2024-11-09,0.009903030928823844
2024-11-10,0.03887769952146458
2024-11-11,0.011682142990177757
2024-11-12,-0.008717234797849232
2024-11-13,-0.01137565544506153
2024-11-14,-0.0018162476412786047
2024-11-15,0.03715587605965284
2024-11-16,0.04781050531927575
2024-11-17,-0.017333164641620047
2024-11-18,0.021983912666014117
2024-11-19,-0.007677953195408153
2024-11-20,-0.006019757134270406
2024-11-21,0.02429752576560124
2024-11-22,0.03666447100610216
2024-11-23,0.03791527951778316
2024-11-24,0.04429990532506526
2024-11-25,-0.04524171724330067
2024-11-26,-0.005554987056406152
2024-11-27,0.00918053049058681
2024-11-28,0.009076291264128507
2024-11-29,0.03891813339812305
2024-11-30,0.012117778506460515
2024-12-01,0.01364924273981986
2024-12-02,-0.0064899949247640655
2024-12-03,0.04230789042825394
2024-12-04,-0.008657744754925777
2024-12-05,0.011416775754612772
2024-12-06,0.016869992806274346
2024-12-07,-0.0006471298636035383
2024-12-08,0.0027353049295269173
2024-12-09,-0.06666512222531319
2024-12-10,-0.0018145582150460153
2024-12-11,0.003623431681922504
2024-12-12,0.017945625272876763
2024-12-13,0.0072470933966005315
2024-12-14,-0.03275256368522543
2024-12-15,0.03243701985239217
2024-12-16,0.017022819936515016
2024-12-17,0.00771013969979454
2024-12-18,-0.023315275742532598
2024-12-19,-0.015349054231535422
2024-12-20,0.007460182382001383
2024-12-21,-0.027180921116127188
2024-12-22,-0.0004765255047479552
2024-12-23,0.006374108140243997
2024-12-24,0.0031923363563309123
2024-12-25,-0.0029441317557847937
2024-12-26,-0.006331191719086055
2024-12-27,-0.0017386802776433684
2024-12-28,0.007123657874869422
2024-12-29,-0.006755943620206628
2024-12-30,0.0034852280890741803
2024-12-31,-0.0004982194420809828
2025-01-01,0.0024754613503808116
2025-01-02,-0.007623173867287775
2025-01-03,0.015008758611694028
2025-01-04,0.00571567892099756
2025-01-05,-0.0019103274876612587
2025-01-06,-0.016895235341433158
2025-01-07,0.00031642028827326104
2025-01-08,-0.003279687118713231
2025-01-09,-0.009672858223870229
2025-01-10,0.022232266306305346
2025-01-11,-0.006517082292285394
2025-01-12,-0.0036267935056830975
2025-01-13,-0.004114897055341648
2025-01-14,0.005342552687222578
2025-01-15,0.016973980682766253
2025-01-16,0.0007272747889273494
2025-01-17,0.010292658969878217
2025-01-18,-0.006827840258815138
2025-01-19,-0.01461135958787795
2025-01-20,-0.001460872494495189
2025-01-21,0.001433635449394909
2025-01-22,0.0020708732489139905
2025-01-23,0.002442048640843335
2025-01-24,0.0018941377475122268
2025-01-25,0.011612997973383202
2025-01-26,-0.01320989761792576
2025-01-27,-0.007068932094498922
2025-01-28,-0.013915951764877426
2025-01-29,0.0060868191970790825
2025-01-30,0.010518784101886877
2025-01-31,-0.0062605842308553206
2025-02-01,-0.013236159185876993
2025-02-02,-0.02695740288315555
2025-02-03,0.0024011302485687953
2025-02-04,-0.006614571060677572
2025-02-05,0.0033419971617292
2025-02-06,-0.0010228407531384718
2025-02-07,0.0002384783638584869
2025-02-08,0.0004771580171763291
2025-02-09,0.002850644033603866
2025-02-10,0.00425147166307542
2025-02-11,0.0038823875423625765
2025-02-12,0.007846641453124007
2025-02-13,-0.0029962553723105697
2025-02-14,0.004738759358774713
2025-02-15,0.004058325435698596
2025-02-16,-0.005839868795165934
2025-02-17,-0.0067916688147964446
2025-02-18,-0.005309611765745383
2025-02-19,0.009758070932800816
2025-02-20,-0.0018565677308090744
2025-02-21,-0.0016845407577480954
2025-02-22,0.001622153006164348
2025-02-23,-0.01591951716942219
2025-02-24,0.0032050872644345707
2025-02-25,0.0003875921737219436
2025-02-26,0.0015831986301186008
2025-02-27,0.0036095454486132824
2025-02-28,0.0005571795358211402
2025-03-01,-0.0019022489482667198
2025-03-02,0.011280372119589174
2025-03-03,-0.01093565293049843
2025-03-04,-0.002633791922388893
2025-03-05,0.005010934523120889
2025-03-06,-0.0012752011577143384
2025-03-07,4.6207028321207575e-05
2025-03-08,-0.0013094925479373019
2025-03-09,-0.010639553214884762
2025-03-10,-0.0063901940345490885
2025-03-11,0.006875890501547454
2025-03-12,0.004760615175119365
2025-03-13,-0.0020384227081758576
2025-03-14,0.001047820844584765
2025-03-15,0.004239334713178403
2025-03-16,-0.0037218199266321624
2025-03-17,0.004197674773319329
2025-03-18,-0.0028432268742744613
2025-03-19,0.006144689245804264
2025-03-20,-0.002789229205539001
2025-03-21,0.0006636937830132343
2025-03-22,-0.0013555770863194305
2025-03-23,0.004594316582329485
2025-03-24,0.0005267218412378986
2025-03-25,-0.001825293450022663
2025-03-26,0.002116937346828431
2025-03-27,0.004020376071303562
2025-03-28,-0.0059641913724937665
2025-03-29,-0.003261340248359218
2025-03-30,-0.00014084083113701635
2025-03-31,0.0016788146950041018
2025-04-01,0.0035329131551963306
2025-04-02,0.0037713612781923953
2025-04-03,0.004316608358237859
2025-04-04,0.0008782440357486619
2025-04-05,-0.0009305428999711677
2025-04-06,-0.005124163417978638
2025-04-07,-0.00076621443769815
2025-04-08,-0.004953394519576465
2025-04-09,0.004645593499852309
2025-04-10,-0.018953433304403036
2025-04-11,-0.003210316899574655
2025-04-12,0.007890856713830847
2025-04-13,-0.004162130059971041
2025-04-14,-0.0017481421629998658
2025-04-15,0.0002520877740071537
2025-04-16,0.00044281588134397235
2025-04-17,-0.00030883626673054715
2025-04-18,-0.0006762409532488791
2025-04-19,-0.0005401122815024873
2025-04-20,-0.00014022317574918574
2025-04-21,0.0031092277782659365
2025-04-22,0.01945551730725809
2025-04-23,0.0025995077208566175
2025-04-24,0.007696680328731713
2025-04-25,0.0020449803258650516
2025-04-26,0.007955630795889424
2025-04-27,-0.012396123560077221
2025-04-28,-0.0030039787485117413
2025-04-29,-0.003688103480839961
2025-04-30,0.0021143897958902356
2025-05-01,0.0029203479940953605
2025-05-02,0.00033645962477496717
2025-05-03,-0.0023773324309554274
2025-05-04,-0.005021061620883438
2025-05-05,-0.0002730749680107575
2025-05-06,0.00031375705009855254
2025-05-07,0.016666392532723145
2025-05-08,0.0013581160832699627
2025-05-09,0.001934684607343883
2025-05-10,-0.002121878972699141
2025-05-11,-0.0007816519109947317
2025-05-12,-0.0014056144723694009
2025-05-13,-0.0016136373350013964
2025-05-14,-0.0025345861897328736
2025-05-15,0.0025342899787738626
2025-05-16,-0.014298010104573282
2025-05-17,-0.0011946272147571066
2025-05-18,0.0014844420162019344
2025-05-19,-0.0004616297076330914
2025-05-20,6.169685791271813e-05
2025-05-21,-0.0007225077375279938
2025-05-22,-0.0008527163133720676
2025-05-23,-0.0013700203175795718
2025-05-24,0.0009855213179095696
2025-05-25,0.0014458049152654888
2025-05-26,0.00024957206862484836
2025-05-27,-0.00041348209974387257
2025-05-28,-0.0013888685042877623
2025-05-29,-0.002031163760953694
2025-05-30,0.001470990530129061
2025-05-31,-0.0007896305956218826
2025-06-01,0.0004384924510520666
2025-06-02,0.0011393816119180554
2025-06-03,0.00071996761099062
2025-06-04,0.000760532889763199
2025-06-05,-0.0053460442116460664
2025-06-06,0.0013519387970536594
2025-06-07,0.0013126011204506718
2025-06-08,-0.0006056590813387533
2025-06-09,9.242618071319771e-05
2025-06-10,0.0007872944030328973
2025-06-11,-0.0017053554844380554
2025-06-12,-0.0018544702056364955
2025-06-13,-5.11817385315912e-05
2025-06-14,0.0006591438357828294
2025-06-15,0.00023050705225625411
2025-06-16,-0.0014528797936013025
2025-06-17,-0.003452000663995907
2025-06-18,0.002366098084570989
2025-06-19,0.0009164103070077742
2025-06-20,0.000629861324582662
2025-06-21,-0.000325000376366875
2025-06-22,-0.0006877877861788217
2025-06-23,0.008050675828964677
2025-06-24,0.007608292915783958
2025-06-25,-0.0018214904295560449
2025-06-26,-0.0020469173834275984
2025-06-27,0.00492648868147295
2025-06-28,9.404065483446112e-05
2025-06-29,0.0020576257352580836
2025-06-30,-0.0017626385304849424
2025-07-01,-0.001685910484141814
2025-07-02,-0.005418278304709351
2025-07-03,0.002401914060234569
2025-07-04,-0.0027202377255018052
2025-07-05,0.0018035063403965973
2025-07-06,-0.00019777336455941666
2025-07-07,-0.004572256796094171
2025-07-08,0.00032263730908178287
2025-07-09,-0.001508870304535766
2025-07-10,0.00366323960038112
2025-07-11,0.0010759704104754241
2025-07-12,0.00255909867065528
2025-07-13,-0.0034944602887139677
2025-07-14,0.005754884772785327
2025-07-15,-0.006216266577418442
2025-07-16,-0.0034371394140143134
2025-07-17,0.009258947469167018
2025-07-18,-0.010216185268413419
2025-07-19,-0.0018499848409717096
2025-07-20,-0.0010059727484256979
2025-07-21,-0.005973775159111047
2025-07-22,-0.01020536585684564
2025-07-23,-0.04368114400339878
2025-07-24,-0.014170286743032424
2025-07-25,0.01442752409388459
2025-07-26,0.0008397923954976546
2025-07-27,0.01621092393790387
2025-07-28,0.0006912833758806968
2025-07-29,-0.0015112327004431143
2025-07-30,0.0023532528924403713
2025-07-31,-0.0030653685754551572
2025-08-01,-0.00302273080924162
2025-08-02,-0.0008882737617544831
2025-08-03,0.0008260232765993151
2025-08-04,0.0012631636975231517
2025-08-05,0.0012433230765087023
2025-08-06,0.00019030578432378497
2025-08-07,-0.0015014789729839509
2025-08-08,-0.0004135894138994908
2025-08-09,-0.003039471519213216
2025-08-10,0.002241656359233354
2025-08-11,-0.01490460409602392
2025-08-12,0.010458317366998498
2025-08-13,0.006880274648981215
2025-08-14,-0.020335704369610113
2025-08-15,-0.0022432790024897154
2025-08-16,0.012651421014510318
2025-08-17,-0.0022310406789965717
2025-08-18,-0.0006025413290556022
2025-08-19,-0.002322380376328717
2025-08-20,0.0006762591823113236
2025-08-21,-0.0015429824434552717
2025-08-22,0.0012212472713111315
2025-08-23,-0.0015621489767398593
2025-08-24,2.969905276843227e-05
2025-08-25,0.00048655397478688134
2025-08-26,0.0003224618661545666
2025-08-27,-0.0002559984089526473
2025-08-28,-0.0001070370490201547
2025-08-29,-0.00046328664330954483
2025-08-30,-6.027412778676556e-05
2025-08-31,-4.781300305365905e-05
2025-09-01,-0.001489862881786136
2025-09-02,0.0015156965097766926
2025-09-03,0.0009937303892480732
2025-09-04,-0.003431104469368571
2025-09-05,-0.0024650858662241455
2025-09-06,-0.0006026896478504883
2025-09-07,0.0006740936869769016
2025-09-08,8.456399696772263e-05
2025-09-09,-0.001225116945178891
2025-09-10,0.0009148563489711278
2025-09-11,0.0004855542943439594
2025-09-12,0.00044329694710183075
2025-09-13,-2.287133802450444e-05
2025-09-14,0.0003226321551660515
2025-09-15,-0.0017301060315619335
2025-09-16,0.004095518125321573
2025-09-17,0.0020183674181356087
2025-09-18,0.004636112462801576
2025-09-19,-0.003681390535645786
2025-09-20,-0.0007034861624306782
2025-09-21,-0.002245748581701471
2025-09-22,-0.00018825550935592367
2025-09-23,0.0007799303973193819
2025-09-24,-0.0014189509593226987
2025-09-25,-0.0031770829433329967
2025-09-26,-0.0021761814436149682
2025-09-27,8.084642174152894e-05
2025-09-28,0.0016441119844985217
2025-09-29,0.0022351235474375704
2025-09-30,-0.00087771231339933
2025-10-01,0.005123840975179268
2025-10-02,-0.00041755011246300954
2025-10-03,0.002701341606611458
2025-10-04,-0.0003175767221912559
2025-10-05,-0.0011299630841719716
2025-10-06,0.0008798395948296545
2025-10-07,0.0017268548093513523
2025-10-08,-0.0002668643688330892
2025-10-09,-0.0021246175103431806
2025-10-10,-0.006317768437684755
2025-10-11,0.002216360121498836
2025-10-12,0.002728423655890433
2025-10-13,-0.004809812477639733
2025-10-14,-0.0005936101328075247
2025-10-15,0.0008344589153203033
2025-10-16,0.0002480346538940408
2025-10-17,-0.0008667736164120187
2025-10-18,0.0010223286453109443
2025-10-19,-0.0003612710432144616
2025-10-20,-0.002454727019972348
2025-10-21,-0.0017529402609977236
2025-10-22,0.0012840835586384084
2025-10-23,0.0009920115892758602
2025-10-24,-0.0030601368962874962
2025-10-25,0.000566894372386648
2025-10-26,0.0011554753164038421
2025-10-27,0.0012264949562296012
2025-10-28,-0.0011581941092268088
2025-10-29,-0.0012699916549523465
2025-10-30,-1.7984656854911262e-05
2025-10-31,0.001176648120632071
2025-11-01,-0.0004237530043017616
2025-11-02,-9.110175327873379e-05
2025-11-03,-0.010498994067932057
2025-11-04,-0.0017594765968809445
2025-11-05,0.002128459346737559
2025-11-06,3.966423496025874e-05
2025-11-07,0.018590829611281588
2025-11-08,0.005526784369778491
2025-11-09,0.0009616338388222166
2025-11-10,-0.0072779522215008115
2025-11-11,-0.00876267594781438
2025-11-12,-0.0029040962097898757
2025-11-13,-0.005361864508828952
2025-11-14,-0.004920699374146174
2025-11-15,0.005464440288333368
2025-11-16,-0.0045664242331652
2025-11-17,-0.0029271285736937724
2025-11-18,0.002176714106190603
2025-11-19,-0.0016966699106264044
2025-11-20,-0.0029342960400810434
2025-11-21,-0.0013693252589266575
2025-11-22,-0.00018786223495388573
2025-11-23,0.0004607980671207909
2025-11-24,0.002704381348551151
2025-11-25,-0.0003713449474311267
2025-11-26,0.001073316687981469
2025-11-27,0.0007906652112122428
2025-11-28,-0.001839115858206805
2025-11-29,-0.001625843821136046
2025-11-30,-0.0010502506418369507
2025-12-01,-0.015986079427264672
2025-12-02,0.007527166455407007
2025-12-03,0.006430949712034021
2025-12-04,-0.009062563970218632
2025-12-05,-0.008145878162524215
2025-12-06,0.007759317091469882
2025-12-07,-0.007682854102014316
2025-12-08,-0.001742853628711205
2025-12-09,0.002235970247911103
2025-12-10,-0.001488145978624968
2025-12-11,0.0017228173143503528
2025-12-12,-0.00020396113281145862
2025-12-13,0.0005517196715806648
2025-12-14,-0.0025191355335497626
2025-12-15,-0.009499980609875884
2025-12-16,-0.0010875641560787745
2025-12-17,-0.007840142007535193
2025-12-18,-0.0002253976731447642
2025-12-19,0.023191324934845416
2025-12-20,0.0005539364676137017
2025-12-21,-0.006681669458557163
2025-12-22,-0.0043425326185867405
2025-12-23,-0.0008848480215850988
2025-12-24,-0.0002994785494046616
2025-12-25,0.0009101835978021863
2025-12-26,-0.00028713228388154555
2025-12-27,-0.0012824715084505066
2025-12-28,0.0006554495084062791
2025-12-29,-0.004652339180362698
2025-12-30,-0.005137066665632411
2025-12-31,-0.008410675839054445
2026-01-01,0.007527120663654519
2026-01-02,0.0064680993080047456
2026-01-03,0.008229652253273113
