Date,BACBB
2021-01-01,-1.5502197734282827e-05
2021-01-02,-0.019573695028815914
2021-01-03,0.06389722307391099
2021-01-04,0.02941310350578523
2021-01-05,0.05366583580368352
2021-01-06,0.04068255873446609
2021-01-07,-0.02018213778917941
2021-01-08,-0.0030447004579858133
2021-01-09,0.031280858780935915
2021-01-10,-0.029334012158881616
2021-01-11,-0.018782153752188235
2021-01-12,0.004749294024842849
2021-01-13,0.039939776164154894
2021-01-14,0.022283067778950564
2021-01-15,-0.00960662697559659
2021-01-16,0.021213517058836957
2021-01-17,0.0028110276119354544
2021-01-18,0.015882818955253685
2021-01-19,0.015336447239305571
2021-01-20,0.0072757939187978755
2021-01-21,-0.016294488112201327
2021-01-22,0.02868133125982688
2021-01-23,-0.005463680631683093
2021-01-24,0.020951825991880516
2021-01-25,-0.007048761310083343
2021-01-26,0.007016200732373206
2021-01-27,-0.025066707417482112
2021-01-28,0.0156037045455687
2021-01-29,-0.00014782172642476563
2021-01-30,0.025153440106268143
2021-01-31,-0.007306643220948343
2021-02-01,0.03645583751041246
2021-02-02,-0.008820600231488448
2021-02-03,0.02398830693482439
2021-02-04,-0.008876580755971253
2021-02-05,0.044316827584807955
2021-02-06,-0.02572449121996827
2021-02-07,0.011167037535756997
2021-02-08,0.030288455547398334
2021-02-09,0.025227716069287937
2021-02-10,0.017995472654557268
2021-02-11,0.011822190704593092
2021-02-12,-0.0004886514453621288
2021-02-13,0.018679786662007935
2021-02-14,0.0025123234453015755
2021-02-15,-0.009628540156851606
2021-02-16,-0.011954424120550021
2021-02-17,0.024201358792239266
2021-02-18,0.009345805914632285
2021-02-19,-0.014462442445078924
2021-02-20,0.010794616143156615
2021-02-21,0.0008565773653779014
2021-02-22,-0.0237763192488625
2021-02-23,-0.05651986928385752
2021-02-24,0.01146096576506022
2021-02-25,-0.0064159409375041596
2021-02-26,-0.006358267759031326
2021-02-27,0.01448039107109772
2021-02-28,-0.015540977211033773
2021-03-01,0.04582195146983952
2021-03-02,0.010117638983726428
2021-03-03,0.022269578477657606
2021-03-04,0.003027976778682217
2021-03-05,-0.00226629343076042
2021-03-06,0.00435149228228028
2021-03-07,0.005328327078946975
2021-03-08,0.007643071871107178
2021-03-09,0.00709377486148803
2021-03-10,-0.0049502833861270615
2021-03-11,0.0022794104478939562
2021-03-12,-0.0022784181319383274
2021-03-13,-0.003725293624416924
2021-03-14,-0.001921776049311752
2021-03-15,0.0004899778082025279
2021-03-16,-0.0009770203865863251
2021-03-17,-0.0021313273900604502
2021-03-18,0.008257641336449587
2021-03-19,0.0028158436168148784
2021-03-20,-0.002958435994028929
2021-03-21,-0.0002518147359187542
2021-03-22,-0.0053345515921805475
2021-03-23,-0.0031726840295509774
2021-03-24,-0.005953926788155965
2021-03-25,-0.0011859274271469862
2021-03-26,0.007785547180524624
2021-03-27,-0.0028478365336118213
2021-03-28,0.0030746261371950674
2021-03-29,0.004966502536375248
2021-03-30,-0.0008114750423192642
2021-03-31,-0.004840619434125631
2021-04-01,-0.000740557665235309
2021-04-02,0.013376066549860266
2021-04-03,-0.009627152821988016
2021-04-04,0.00806910844449555
2021-04-05,0.010064236137580741
2021-04-06,-0.0006221446140344431
2021-04-07,-0.008791489454049731
2021-04-08,0.007514358959659699
2021-04-09,-0.002054843640178032
2021-04-10,0.0024653516082769763
2021-04-11,-0.002750787220915799
2021-04-12,0.0077974394171360685
2021-04-13,0.0001957390360073876
2021-04-14,0.011450432946502363
2021-04-15,-0.005602958421921252
2021-04-16,0.010386833476396374
2021-04-17,0.0029705312605504664
2021-04-18,-0.011132025362363476
2021-04-19,-0.009844211066773308
2021-04-20,0.007524675397302009
2021-04-21,0.002657420568390997
2021-04-22,-0.014768884613076993
2021-04-23,-0.00611800853763231
2021-04-24,-0.005300799782154276
2021-04-25,-0.001961599132769845
2021-04-26,0.016357744501299773
2021-04-27,0.010047635463306065
2021-04-28,0.0051334297298245395
2021-04-29,-0.0004828732286432054
2021-04-30,0.004990312718923656
2021-05-01,-0.0017626399027583007
2021-05-02,-0.0004721339725152338
2021-05-03,0.006610147282655829
2021-05-04,-0.005938442391077277
2021-05-05,0.009749259410206044
2021-05-06,0.020374615272174042
2021-05-07,-0.0021676567279933674
2021-05-08,-0.0017347612893787495
2021-05-09,0.005435190356564641
2021-05-10,-0.00908854218155339
2021-05-11,0.013565111183289229
2021-05-12,-0.010913872893687494
2021-05-13,0.00725396959181092
2021-05-14,0.00226762072334899
2021-05-15,-0.004247462741613559
2021-05-16,0.0022975270121093666
2021-05-17,-0.004590696642544705
2021-05-18,0.012537069059140893
2021-05-19,-0.029742021789979697
2021-05-20,0.008660724927403586
2021-05-21,-0.012443569823763307
2021-05-22,-0.0008631815071556334
2021-05-23,-0.011296700806883709
2021-05-24,0.019377546754288197
2021-05-25,0.0010290022427516972
2021-05-26,0.011400086458953048
2021-05-27,-0.003466297705093741
2021-05-28,-0.0074308350109681
2021-05-29,-0.003866720119364409
2021-05-30,0.0029118210248649207
2021-05-31,0.008750349069964334
2021-06-01,-0.0002236352127298639
2021-06-02,-0.0004970841014351631
2021-06-03,0.0006051929630617468
2021-06-04,-0.008730197838943611
2021-06-05,-0.004357671144627218
2021-06-06,0.0054900137975790134
2021-06-07,-0.007081305906673428
2021-06-08,-0.0019130505108320508
2021-06-09,-0.0015225795753511136
2021-06-10,0.0001714313615197905
2021-06-11,-0.0019894062522168555
2021-06-12,-0.001487989352094786
2021-06-13,-0.0008349374462713798
2021-06-14,0.00040834446141593535
2021-06-15,0.006901977435824091
2021-06-16,-0.006616758032540659
2021-06-17,0.00026164691556311863
2021-06-18,-0.004819449151824871
2021-06-19,-0.0016383216693456836
2021-06-20,0.0033708751071048378
2021-06-21,-0.014100210737912733
2021-06-22,-0.004881331995025127
2021-06-23,0.005555802859645355
2021-06-24,0.002723919641543241
2021-06-25,-0.008556038921668948
2021-06-26,0.002328149947469089
2021-06-27,0.007563598630034489
2021-06-28,0.005336945184724635
2021-06-29,0.0045030148919340506
2021-06-30,0.004402484600743547
2021-07-01,-0.003587206429451752
2021-07-02,0.0001925632699190007
2021-07-03,0.005047134514614873
2021-07-04,0.006620474593260876
2021-07-05,0.00046473756634679916
2021-07-06,0.009931843513293617
2021-07-07,0.0021013259878031945
2021-07-08,-0.0046555073334721645
2021-07-09,0.01047765863893432
2021-07-10,-0.0020612813634913415
2021-07-11,0.003784947437260921
2021-07-12,-0.001482313779702073
2021-07-13,-0.0008389632540290743
2021-07-14,0.005545941453529122
2021-07-15,-0.00110839801974505
2021-07-16,-0.005295548494051904
2021-07-17,-0.007664077957935667
2021-07-18,0.0007997028920962663
2021-07-19,-0.005852146793706798
2021-07-20,-0.005612623520879762
2021-07-21,0.010450850454819187
2021-07-22,0.005349838905850444
2021-07-23,0.010657535805460767
2021-07-24,-0.0009240706729736301
2021-07-25,-0.002963203325973823
2021-07-26,0.0012350696264831658
2021-07-27,0.0026183386238288362
2021-07-28,0.00119961773334203
2021-07-29,-0.0011821040407103203
2021-07-30,0.0009143011902723152
2021-07-31,0.0009583151351141047
2021-08-01,-0.004150386332003623
2021-08-02,0.0013719032515523415
2021-08-03,-0.0016884574767505416
2021-08-04,0.0037190549791276607
2021-08-05,0.0039650135899130575
2021-08-06,-2.2605697107752533e-05
2021-08-07,0.0025974007114256247
2021-08-08,-0.0017543178437155408
2021-08-09,0.002742383793467587
2021-08-10,0.009465150541829172
2021-08-11,0.004119355408457411
2021-08-12,0.0014761085009435259
2021-08-13,0.00848521956398698
2021-08-14,0.002520063731421582
2021-08-15,-0.004985536300836703
2021-08-16,0.0005642567893735865
2021-08-17,-0.0009980435342669426
2021-08-18,-0.000708541185123213
2021-08-19,0.007927966261015655
2021-08-20,0.006926297378926759
2021-08-21,-0.0020346443274891347
2021-08-22,0.011210906458924263
2021-08-23,-0.0025895110723486115
2021-08-24,-0.004004152734024843
2021-08-25,-0.0011258572691439164
2021-08-26,-0.00778371379485722
2021-08-27,0.005389947803421455
2021-08-28,-0.0019073991726894824
2021-08-29,0.004437330068671811
2021-08-30,-0.008258628967151769
2021-08-31,0.002848673918741262
2021-09-01,0.00477588470635126
2021-09-02,-0.004722950350417133
2021-09-03,-0.008934753516719927
2021-09-04,0.0008050071981864549
2021-09-05,0.0017613560879908995
2021-09-06,-0.0013367063414838982
2021-09-07,-0.02668693674282975
2021-09-08,-0.006258217647070877
2021-09-09,-0.0026937516985689955
2021-09-10,-0.006098495109706026
2021-09-11,0.011854435984394068
2021-09-12,0.0008293227244355817
2021-09-13,-0.007692776256058515
2021-09-14,0.010596503226604418
2021-09-15,0.002548059574815196
2021-09-16,-0.0018624873414332002
2021-09-17,0.0010247958645450282
2021-09-18,-0.005098975927678941
2021-09-19,-0.004328777250036292
2021-09-20,-0.015468309413704964
2021-09-21,-0.003486734772708348
2021-09-22,0.01709493347783719
2021-09-23,0.003965948615859611
2021-09-24,-0.006397703089126473
2021-09-25,-0.0014264194756782036
2021-09-26,-0.0026243541028843197
2021-09-27,-0.0018692788848280104
2021-09-28,0.00013579200412095778
2021-09-29,0.0021352227357261605
2021-09-30,0.0042917004395888764
2021-10-01,0.01102448242526704
2021-10-02,0.0018764696836023331
2021-10-03,0.0074553266824954004
2021-10-04,-0.0026907183871546967
2021-10-05,0.0024501193314228017
2021-10-06,-0.004386887919614117
2021-10-07,-0.0014767463446208058
2021-10-08,-0.0013241966614550094
2021-10-09,0.0027247115713796067
2021-10-10,-0.0030123573547473624
2021-10-11,-0.006595396865287301
2021-10-12,0.00046222391833598863
2021-10-13,0.005136315345257141
2021-10-14,-0.004185649332618556
2021-10-15,0.004066094592112965
2021-10-16,0.00048438723371614504
2021-10-17,-0.006424904848926569
2021-10-18,-0.005976034185611812
2021-10-19,-0.00212597819429539
2021-10-20,0.004547902009697134
2021-10-21,-0.002705253360851087
2021-10-22,0.003554947098824728
2021-10-23,0.006358070675708609
2021-10-24,0.0003635016310720653
2021-10-25,0.0004628979143880138
2021-10-26,0.005899074620260546
2021-10-27,-0.015935294973479883
2021-10-28,0.010963957516331793
2021-10-29,0.007936611350880439
2021-10-30,-0.0022691351107102385
2021-10-31,0.0060794618204613625
2021-11-01,-0.011611050888816272
2021-11-02,0.002542560240082937
2021-11-03,-0.0049139884516420365
2021-11-04,-0.003878461264069476
2021-11-05,-0.00012180907433125826
2021-11-06,0.003362788076532191
2021-11-07,0.004557790108583551
2021-11-08,0.013534559314822128
2021-11-09,0.010063475610595342
2021-11-10,-0.009246821642173705
2021-11-11,0.0012773191564289966
2021-11-12,-0.011199651377516169
2021-11-13,0.005565469426489172
2021-11-14,0.000798986822741385
2021-11-15,-0.003339040351275831
2021-11-16,-0.00625523365474538
2021-11-17,-0.0032307136592746575
2021-11-18,-0.0024764402345155635
2021-11-19,0.0056309877086559755
2021-11-20,-0.0007990295482041069
2021-11-21,0.007842014289305041
2021-11-22,0.007593864996371297
2021-11-23,0.011233720211991585
2021-11-24,0.0024706659494024884
2021-11-25,0.00802034268531187
2021-11-26,-0.013152036085182778
2021-11-27,-0.0025066363642698036
2021-11-28,0.011534161862340313
2021-11-29,-0.0011915690792641848
2021-11-30,-0.001342336978528996
2021-12-01,0.002691661856456472
2021-12-02,-0.009968359864834311
2021-12-03,-0.006725227450516098
2021-12-04,-0.0008867715462380584
2021-12-05,-0.004849263764540488
2021-12-06,0.01189643032257267
2021-12-07,0.0008984210673532487
2021-12-08,0.006494300911238017
2021-12-09,-0.014411802092024428
2021-12-10,-0.0068194485683404004
2021-12-11,0.010213276677207887
2021-12-12,0.0035109432488952407
2021-12-13,-0.012154508056599449
2021-12-14,0.00016203434656609017
2021-12-15,0.00801847743030153
2021-12-16,-0.002279322377527759
2021-12-17,-0.0016314814142952252
2021-12-18,0.0012526444817347738
2021-12-19,-0.00032014267435038265
2021-12-20,-0.003744097554762684
2021-12-21,0.008096389515882936
2021-12-22,0.004523623818431418
2021-12-23,0.00767498103945824
2021-12-24,0.0013235434329045457
2021-12-25,0.005404908352499257
2021-12-26,0.0039970491712420925
2021-12-27,-0.00820081477653485
2021-12-28,-0.010312931640318603
2021-12-29,-0.0015501270954848866
2021-12-30,0.003788518249333925
2021-12-31,-0.0005710901545011054
2022-01-01,0.008639982375895071
2022-01-02,-0.0020780397131402104
2022-01-03,0.0036253645228339587
2022-01-04,-5.9232541223608144e-05
2022-01-05,0.002815564998146407
2022-01-06,0.001266245735367349
2022-01-07,-0.007808781995800159
2022-01-08,-0.0058083008320923635
2022-01-09,0.0008252941543706858
2022-01-10,0.0021859429764922228
2022-01-11,0.016050957521099862
2022-01-12,0.005127142434172086
2022-01-13,0.0005223531040152451
2022-01-14,-0.00044581895731981116
2022-01-15,-0.0019324128325320994
2022-01-16,0.00388082853764185
2022-01-17,-0.017997910586964098
2022-01-18,-0.004477264997796855
2022-01-19,-0.0060216456998433724
2022-01-20,0.003051805994635768
2022-01-21,-0.015543441014176108
2022-01-22,-0.019477550597181034
2022-01-23,0.006378573021524159
2022-01-24,-0.006123957552653108
2022-01-25,0.00677751016047402
2022-01-26,0.00032091691689499404
2022-01-27,-0.002344640231295795
2022-01-28,0.0046121717826363325
2022-01-29,0.0009568180271690108
2022-01-30,-0.001329750679497695
2022-01-31,0.0001781882372124204
2022-02-01,0.0025509247464308824
2022-02-02,-0.0002874401286509352
2022-02-03,0.003182404528812525
2022-02-04,0.004891293396571119
2022-02-05,-0.0011576515518194194
2022-02-06,-0.0030200399678667936
2022-02-07,0.005399672587140407
2022-02-08,-8.718688417435422e-05
2022-02-09,-0.0006636598869535337
2022-02-10,-0.0036795099889375127
2022-02-11,-0.006563849365167929
2022-02-12,-0.00039717377841661276
2022-02-13,-0.00038197378036800554
2022-02-14,0.003345866721960306
2022-02-15,0.005168406783604732
2022-02-16,0.003125434969450857
2022-02-17,-0.006524461662310604
2022-02-18,-0.0010165643890673627
2022-02-19,-0.0026035052813663142
2022-02-20,-0.0022828927477215933
2022-02-21,-0.005026810669172756
2022-02-22,0.0013576538292173926
2022-02-23,0.0004564824950722152
2022-02-24,-0.001149934375792168
2022-02-25,0.005932686614957517
2022-02-26,0.010572509778446721
2022-02-27,-0.006044635531560839
2022-02-28,0.01676283258737124
2022-03-01,-0.007468637549903726
2022-03-02,0.01718230864223056
2022-03-03,-0.0052842547714953385
2022-03-04,-0.011345066258462945
2022-03-05,-0.0010122263622880361
2022-03-06,-0.012162754948616905
2022-03-07,-0.005775389929103741
2022-03-08,-0.007285038120194782
2022-03-09,0.0022476116593343753
2022-03-10,0.0069936382797616695
2022-03-11,-0.010097707948771644
2022-03-12,-0.009734304358030167
2022-03-13,0.007684408101630428
2022-03-14,-0.009246404640571264
2022-03-15,-0.006273693605308699
2022-03-16,0.0021687701493509678
2022-03-17,0.0011543574485878701
2022-03-18,0.000829158020005853
2022-03-19,0.004953689654229553
2022-03-20,0.0020993998757512034
2022-03-21,0.00578780341284979
2022-03-22,0.011891291148047146
2022-03-23,0.001142681521066311
2022-03-24,0.003759296740066592
2022-03-25,-0.0016802804687678712
2022-03-26,-0.00324070556667475
2022-03-27,0.015416307885131776
2022-03-28,0.002385065958632285
2022-03-29,0.008269381716413473
2022-03-30,0.020127208982858386
2022-03-31,-0.0061548989455443995
2022-04-01,0.0002249965487839515
2022-04-02,-0.0015939639491765018
2022-04-03,0.00372625734755456
2022-04-04,-0.007911178669439193
2022-04-05,-0.011489393727932434
2022-04-06,-0.019649666172297523
2022-04-07,0.005126471384285921
2022-04-08,-0.01449986810655819
2022-04-09,0.0043916286795796615
2022-04-10,-0.005365796590957851
2022-04-11,-0.01532073504758318
2022-04-12,0.00757828460882519
2022-04-13,0.002565724455378877
2022-04-14,-0.0020655964836360035
2022-04-15,0.001967201810447903
2022-04-16,0.003300590444099433
2022-04-17,-0.007358048485318096
2022-04-18,0.004562119401230849
2022-04-19,0.004346096515202929
2022-04-20,0.003632010788061385
2022-04-21,-0.007754936038337667
2022-04-22,-0.003601931120452189
2022-04-23,0.0020375415017987305
2022-04-24,-0.0032928130809236787
2022-04-25,-0.003438317914613396
2022-04-26,-0.013059750352536832
2022-04-27,0.0014306108918961816
2022-04-28,0.001421587003205742
2022-04-29,-0.008550374752309808
2022-04-30,-0.015278317803137126
2022-05-01,0.008869595347504032
2022-05-02,-0.0018234522312169333
2022-05-03,-0.000952232961899802
2022-05-04,0.01794664587317167
2022-05-05,-0.016874924717535586
2022-05-06,0.0011715832577926975
2022-05-07,-0.007297885207815134
2022-05-08,-0.004316653799192178
2022-05-09,-0.016797306241175668
2022-05-10,0.0032990365905242614
2022-05-11,-0.025319516559520774
2022-05-12,-0.005795061751448913
2022-05-13,0.009096734959005627
2022-05-14,0.003136793166753781
2022-05-15,0.004651929278009631
2022-05-16,-0.005474377995985752
2022-05-17,0.005475769886297953
2022-05-18,-0.009413371919539766
2022-05-19,0.006817660939643248
2022-05-20,0.0022783736437773238
2022-05-21,0.0020174205076315646
2022-05-22,0.006110423366576192
2022-05-23,-0.0002319820114918815
2022-05-24,-0.003408116077359427
2022-05-25,0.0014149947176121402
2022-05-26,-0.01124395188849805
2022-05-27,-0.006654035906794942
2022-05-28,-0.0028987943425179286
2022-05-29,0.008905246049669345
2022-05-30,0.014587562017852702
2022-05-31,-0.0013458083220109034
2022-06-01,-0.009208430188800873
2022-06-02,0.008601729918833461
2022-06-03,-0.0037431388953600817
2022-06-04,0.0014468741597362844
2022-06-05,-0.004398832173590933
2022-06-06,0.004322955803693989
2022-06-07,-0.003198898172856817
2022-06-08,-0.0024479618890475546
2022-06-09,0.00041528502765360986
2022-06-10,-0.005610594838242871
2022-06-11,-0.006190615678091851
2022-06-12,-0.00868396649354516
2022-06-13,-0.005461997432893607
2022-06-14,-0.0005810636652491434
2022-06-15,0.012171019748204991
2022-06-16,-0.013459272754801398
2022-06-17,-0.0009195844744150379
2022-06-18,-0.004626245057322854
2022-06-19,0.007823082153984938
2022-06-20,0.012008336439147201
2022-06-21,-0.0035173310868637413
2022-06-22,-0.0017734087595801969
2022-06-23,0.00560278319604833
2022-06-24,0.00694821176383715
2022-06-25,-0.00020901044782910887
2022-06-26,-0.011034518253582894
2022-06-27,-0.0007490946840103704
2022-06-28,-0.005313414680003097
2022-06-29,-0.003104834142840391
2022-06-30,-0.003043406882512764
2022-07-01,-0.001917312902344663
2022-07-02,0.0062940467461031204
2022-07-03,-0.0004908897147403238
2022-07-04,0.0064653473349057435
2022-07-05,-0.0010141494271772669
2022-07-06,0.0016036347444045632
2022-07-07,0.008237959615965318
2022-07-08,-0.0008066857310254248
2022-07-09,0.0011750766319380366
2022-07-10,0.0016174558919651238
2022-07-11,-0.010954103894857323
2022-07-12,0.0025952833685456704
2022-07-13,0.007979515361208531
2022-07-14,0.00671593004493555
2022-07-15,-0.0006756228564242732
2022-07-16,-0.003107128174082795
2022-07-17,0.0009165867565568059
2022-07-18,0.025201292933409305
2022-07-19,-0.0039010642666852725
2022-07-20,-0.00806184042089843
2022-07-21,0.0050629092465914235
2022-07-22,-0.006078080881235433
2022-07-23,0.002760353560992905
2022-07-24,-0.0010413056500364036
2022-07-25,-0.008169329242355612
2022-07-26,0.004781504031912595
2022-07-27,0.016827068497998858
2022-07-28,0.006387015075099098
2022-07-29,-0.003943812842991545
2022-07-30,-0.004477629137040258
2022-07-31,-0.00014459786888599175
2022-08-01,-0.0008530373056229756
2022-08-02,0.0013621931959763968
2022-08-03,0.00241113497309511
2022-08-04,-0.0032705617662791542
2022-08-05,0.0058056275582541415
2022-08-06,-0.002166676177657497
2022-08-07,-8.715737693091036e-05
2022-08-08,0.0013294533809337732
2022-08-09,-0.005660084097625058
2022-08-10,0.00923684298281
2022-08-11,0.011089096512029812
2022-08-12,0.010248319260350284
2022-08-13,-0.004054680115565079
2022-08-14,-0.006436735140497138
2022-08-15,0.010402664781872085
2022-08-16,-0.002760120845019482
2022-08-17,-0.0026858527979165764
2022-08-18,0.00569800304226459
2022-08-19,-0.021710921908296293
2022-08-20,0.006790479184428531
2022-08-21,0.01214167517643529
2022-08-22,-0.0004928265271922778
2022-08-23,-0.0012445546674869125
2022-08-24,-0.001148130033072776
2022-08-25,-0.0015934964232468137
2022-08-26,-0.00581896368167991
2022-08-27,0.0002836353746520482
2022-08-28,0.0014737914960844052
2022-08-29,0.008129914106593354
2022-08-30,-0.003341017129447309
2022-08-31,0.00465657037902162
2022-09-01,0.002328028452479066
2022-09-02,-6.966196355117237e-05
2022-09-03,0.0010462894856135875
2022-09-04,-0.00029444825861110356
2022-09-05,-0.0039650702427159205
2022-09-06,-0.028004994759985857
2022-09-07,0.016248570384779615
2022-09-08,0.009714005053073129
2022-09-09,0.0245094123884509
2022-09-10,0.0054696345355387576
2022-09-11,0.00366251550920108
2022-09-12,-0.003963200038652302
2022-09-13,-0.0010879301480086626
2022-09-14,-0.0012577269087967117
2022-09-15,-0.005756880365796787
2022-09-16,0.0003159578836824023
2022-09-17,0.003531217723448238
2022-09-18,-0.010225413133861244
2022-09-19,0.00205730773256767
2022-09-20,0.002840520833744381
2022-09-21,-0.004038897511054521
2022-09-22,0.010920876249534786
2022-09-23,0.004504016664737437
2022-09-24,-0.0017944002089312217
2022-09-25,0.002232845906495352
2022-09-26,-0.0004351087685807735
2022-09-27,-0.003357266832988627
2022-09-28,0.0014477211548738747
2022-09-29,0.0025825018249322393
2022-09-30,-0.006817324667435392
2022-10-01,-0.0009885285289106221
2022-10-02,-0.006670295818361277
2022-10-03,0.0046235217200743285
2022-10-04,0.006656710023059988
2022-10-05,0.00863826356425887
2022-10-06,-0.010206484540631694
2022-10-07,0.0012032293365472953
2022-10-08,-6.344005005277024e-05
2022-10-09,0.00019364512335311922
2022-10-10,-0.019496652990137132
2022-10-11,-0.00035144571935653634
2022-10-12,-0.001271745638756042
2022-10-13,0.007868085530699592
2022-10-14,0.0009557966444779378
2022-10-15,0.0006020409037050817
2022-10-16,0.0059367004737864906
2022-10-17,0.008355159161033979
2022-10-18,-0.005347075069745867
2022-10-19,-0.013062439024138447
2022-10-20,-0.0014987046669420272
2022-10-21,0.02531401425870214
2022-10-22,-0.009584783706175331
2022-10-23,0.009123792323372435
2022-10-24,-0.013328943773760581
2022-10-25,0.016158316450406968
2022-10-26,0.01859044776764335
2022-10-27,-0.0003588539076608987
2022-10-28,-0.001780335650568576
2022-10-29,0.001011563718106946
2022-10-30,-0.003180943389525153
2022-10-31,0.006607220538141757
2022-11-01,-0.0033651217445695106
2022-11-02,-0.000943206206183575
2022-11-03,0.007357661953291337
2022-11-04,0.018909957104051526
2022-11-05,-0.00020202745720159366
2022-11-06,-0.008335091526116585
2022-11-07,-0.0022725845575010247
2022-11-08,-0.016120755191337165
2022-11-09,-0.03020704726871497
2022-11-10,0.024939734570654015
2022-11-11,-0.004092580032173891
2022-11-12,-0.008605109897465532
2022-11-13,-0.007820628347410109
2022-11-14,0.0020806856742608634
2022-11-15,0.0044633820827678665
2022-11-16,-0.003973114678416795
2022-11-17,-0.002734247914907182
2022-11-18,0.0006144109490654261
2022-11-19,0.001884944897475581
2022-11-20,-0.009490553517665163
2022-11-21,-0.003564381187236419
2022-11-22,0.004573967164879992
2022-11-23,-9.126424281702567e-05
2022-11-24,0.005003493030531824
2022-11-25,-0.001659625464395544
2022-11-26,0.002705662768916251
2022-11-27,-0.002433061780954984
2022-11-28,-0.005086265974260892
2022-11-29,0.0009491434663867308
2022-11-30,0.007995001223315827
2022-12-01,0.0009722891922449024
2022-12-02,0.005189673194572839
2022-12-03,-0.0039353288595946985
2022-12-04,0.003954921531768519
2022-12-05,-0.004986900846499017
2022-12-06,0.0006862437389311945
2022-12-07,-0.004085742597077539
2022-12-08,0.002096617134602766
2022-12-09,-0.0014965489026961343
2022-12-10,0.0004072592116831567
2022-12-11,-0.0030949955947927057
2022-12-12,-0.00030887013342016754
2022-12-13,0.0035607199273667116
2022-12-14,-0.0013530898274654302
2022-12-15,-0.0029144614472681844
2022-12-16,-0.01030199872368541
2022-12-17,0.0011478321049204518
2022-12-18,-0.0020961848995830986
2022-12-19,-0.005215292561276995
2022-12-20,0.0036539226787047152
2022-12-21,-0.0012971578291579688
2022-12-22,0.001817150952941524
2022-12-23,0.0006757019630506394
2022-12-24,-0.0008054727549175498
2022-12-25,4.9611785838131496e-05
2022-12-26,0.002406556221623455
2022-12-27,-0.0012366227589530982
2022-12-28,-0.0058095845078325855
2022-12-29,-0.0035819497749623695
2022-12-30,-0.0023209576340151926
2022-12-31,0.0008725954537880483
2023-01-01,0.002042377286365457
2023-01-02,0.0026790892180937735
2023-01-03,-0.0014051194383465767
2023-01-04,0.004426609022597331
2023-01-05,-0.002736305875392612
2023-01-06,0.004820655428813951
2023-01-07,0.001760377875743099
2023-01-08,0.006245278125894013
2023-01-09,0.0027585884322476025
2023-01-10,0.010999322654866927
2023-01-11,0.011507597561140281
2023-01-12,-0.0025015992137088503
2023-01-13,0.01287591784395333
2023-01-14,-0.008060250166227892
2023-01-15,0.003156734613559721
2023-01-16,-0.0037124214916735673
2023-01-17,0.0005796329061957666
2023-01-18,-0.0016884969664713071
2023-01-19,-0.0026881190194651874
2023-01-20,-0.0031532588598178124
2023-01-21,9.054957034234464e-05
2023-01-22,-0.0002853279498434081
2023-01-23,-0.0014544441001596296
2023-01-24,-0.003433195812684379
2023-01-25,-0.0020681673343096313
2023-01-26,0.006467798033780423
2023-01-27,0.004765500520837889
2023-01-28,-0.0011995553702319115
2023-01-29,-0.0043539982522251336
2023-01-30,0.002180361247394399
2023-01-31,0.004794936027429786
2023-02-01,-0.0012410449924390452
2023-02-02,0.0010546014343667386
2023-02-03,0.005760539135158722
2023-02-04,-0.0007290728107133794
2023-02-05,0.0008644346675559345
2023-02-06,-0.004276237004021796
2023-02-07,0.006607304562320118
2023-02-08,-0.0036116073343126077
2023-02-09,-0.00868910339325016
2023-02-10,0.004953781888450525
2023-02-11,0.00472442576838536
2023-02-12,0.0022606212165681553
2023-02-13,-0.007019818577612509
2023-02-14,0.007000773624229973
2023-02-15,0.010170623885710921
2023-02-16,-0.007319885254250964
2023-02-17,0.00977726454521688
2023-02-18,0.003049331401516858
2023-02-19,-0.008752432220278213
2023-02-20,-0.002018569644957713
2023-02-21,-0.001742397899247444
2023-02-22,0.008533722857061006
2023-02-23,-0.0018163968393696283
2023-02-24,-0.00722042932588527
2023-02-25,-0.00017603762204157735
2023-02-26,0.0029101306566874617
2023-02-27,-0.004842360630609486
2023-02-28,-0.005714379453257945
2023-03-01,0.007915268403505711
2023-03-02,-0.0037631328707171878
2023-03-03,-0.010638991906542826
2023-03-04,-0.007786162118364656
2023-03-05,-0.0031012350323828923
2023-03-06,0.0015793439694123026
2023-03-07,-0.0008973830848385927
2023-03-08,-0.006750294729888489
2023-03-09,-0.010793456122298506
2023-03-10,0.0029328042025227176
2023-03-11,-0.0007813759399464726
2023-03-12,0.020166738406217924
2023-03-13,0.00474294403946393
2023-03-14,0.0079548003207629
2023-03-15,-0.009118964351738255
2023-03-16,0.003221983002243695
2023-03-17,0.006942158191559999
2023-03-18,-0.0073162535593678255
2023-03-19,-0.0028792012490712997
2023-03-20,-0.009015651286184496
2023-03-21,0.0004811357638047555
2023-03-22,-0.0034837781761363896
2023-03-23,0.007355231692459215
2023-03-24,-1.7385429279371463e-05
2023-03-25,-0.0007132980897282784
2023-03-26,0.0022594244370633568
2023-03-27,-0.0073472689714227804
2023-03-28,0.0043622174446252835
2023-03-29,0.005129625997654986
2023-03-30,-0.00562574077596031
2023-03-31,-0.0002251095130630901
2023-04-01,0.003199646110246767
2023-04-02,0.0024354994277844674
2023-04-03,0.00717652384981727
2023-04-04,0.0009512160900509031
2023-04-05,0.009915294858570001
2023-04-06,-0.0015037979977571706
2023-04-07,0.00698172915162426
2023-04-08,-0.003401631050029197
2023-04-09,0.004161118436468768
2023-04-10,0.0030254768048845887
2023-04-11,0.0005761529891199622
2023-04-12,-0.000930477325313417
2023-04-13,0.0019153199228924504
2023-04-14,0.009764032400605648
2023-04-15,0.0037164077377682425
2023-04-16,0.007372556943560957
2023-04-17,-0.0092222000612017
2023-04-18,0.0029470427867647952
2023-04-19,-0.017732884461647645
2023-04-20,-0.005399313492654729
2023-04-21,-0.01103646616015483
2023-04-22,0.005270781168199624
2023-04-23,-0.006461246908404825
2023-04-24,-0.0024910780358847525
2023-04-25,0.0017649404382765385
2023-04-26,0.0013282404451873365
2023-04-27,0.003339961498957934
2023-04-28,-0.005740189734666268
2023-04-29,-8.068654564812031e-05
2023-04-30,0.002605942702193177
2023-05-01,-0.0027608644208548206
2023-05-02,0.009440581147086253
2023-05-03,-0.011014531322905143
2023-05-04,-0.0031937554961940827
2023-05-05,0.002089865365988536
2023-05-06,-0.019131101083589685
2023-05-07,-0.0019295780683245124
2023-05-08,-0.002549315296286517
2023-05-09,-0.007435109777239461
2023-05-10,0.001956625821264956
2023-05-11,0.0025421350085974553
2023-05-12,-0.00030807907808389455
2023-05-13,-0.0005524304467935103
2023-05-14,0.013879650933568745
2023-05-15,0.00016692416995631198
2023-05-16,-0.0002660897845807468
2023-05-17,-0.002423687872092457
2023-05-18,-0.00384208068100334
2023-05-19,-0.001916090604899971
2023-05-20,-0.0013752387014666844
2023-05-21,-0.0023890151365955716
2023-05-22,-0.0015031492766843053
2023-05-23,-0.01374346668254265
2023-05-24,-0.004964707873101318
2023-05-25,-0.000376972116223156
2023-05-26,0.01690847451855875
2023-05-27,0.0005939545184562376
2023-05-28,0.0022651064182359956
2023-05-29,0.00028167539495199407
2023-05-30,-0.0019139333134904801
2023-05-31,0.0018556631822799017
2023-06-01,-0.00011985614407537035
2023-06-02,-0.008630937892907805
2023-06-03,-0.0006628518654695211
2023-06-04,0.01776614484956957
2023-06-05,-0.024711829127273835
2023-06-06,0.005455585839814095
2023-06-07,-0.007221245701820479
2023-06-08,0.002925932254326963
2023-06-09,0.0005517623772549441
2023-06-10,-0.019008826449782187
2023-06-11,-0.0024906636647492437
2023-06-12,-0.0027659819322612845
2023-06-13,0.002513143367798297
2023-06-14,-0.004988169645906571
2023-06-15,0.000987462522985683
2023-06-16,0.0010460638043766392
2023-06-17,0.000275647104033691
2023-06-18,0.00013074919577232843
2023-06-19,-0.00036543741228631493
2023-06-20,0.0058562084635551915
2023-06-21,-0.00662138445571808
2023-06-22,0.005681043622587347
2023-06-23,0.014338958900206127
2023-06-24,0.0018983687249726296
2023-06-25,-7.164865475880242e-05
2023-06-26,-0.019210147528382522
2023-06-27,0.03678680996927954
2023-06-28,-0.017207967088081307
2023-06-29,-0.014720318164276413
2023-06-30,0.01420090496966929
2023-07-01,-0.004729700266033561
2023-07-02,-0.0024852070494258667
2023-07-03,0.0026968072311564176
2023-07-04,-0.007544332841016101
2023-07-05,-0.007911207846592667
2023-07-06,-0.014650193686501339
2023-07-07,0.0029241129183254742
2023-07-08,0.0014077590708473763
2023-07-09,-0.010563700455802535
2023-07-10,-0.0018975197590923568
2023-07-11,0.004350338667727975
2023-07-12,-0.009276407634264868
2023-07-13,0.016255221978287097
2023-07-14,-0.002516566569421401
2023-07-15,-0.009696504987404299
2023-07-16,0.011398954371760434
2023-07-17,0.0018626388371375973
2023-07-18,-0.0005703220318709879
2023-07-19,0.020526845066669765
2023-07-20,0.0004151050353800833
2023-07-21,-0.011212291473003608
2023-07-22,-0.001388120472595973
2023-07-23,0.0029918985765520043
2023-07-24,-0.008634860143886298
2023-07-25,-0.00579440574473222
2023-07-26,0.00716537388619806
2023-07-27,9.630396542189175e-06
2023-07-28,0.01607098881925235
2023-07-29,0.004238708438101422
2023-07-30,-0.011037636931238918
2023-07-31,-0.010301221089909399
2023-08-01,0.00412654040044243
2023-08-02,-0.00445329770563725
2023-08-03,0.0038797305004332366
2023-08-04,-0.006872014512901684
2023-08-05,0.011729952253172
2023-08-06,-0.0008140360690187021
2023-08-07,-0.0004355170876665381
2023-08-08,0.0019462528022249792
2023-08-09,0.004456557006151794
2023-08-10,-0.007656392865912085
2023-08-11,-0.0011564964003798165
2023-08-12,0.014921953677947504
2023-08-13,0.006473238293298604
2023-08-14,0.002211079486546358
2023-08-15,-0.01075638229244151
2023-08-16,-0.0024288302691137464
2023-08-17,-0.02808202177491524
2023-08-18,-3.766861994470046e-05
2023-08-19,-0.00376408829799037
2023-08-20,0.009909900147754684
2023-08-21,-0.003973222688982857
2023-08-22,-0.0026476222629226317
2023-08-23,0.0002980570516530664
2023-08-24,-0.004401822834005003
2023-08-25,0.006877586692649892
2023-08-26,-0.001338070883568058
2023-08-27,0.0016036276573564649
2023-08-28,0.001371650747930415
2023-08-29,0.0008235961763516286
2023-08-30,0.003196734413066865
2023-08-31,-0.005414742315536992
2023-09-01,-0.0017449785435381384
2023-09-02,-0.00044618416741949376
2023-09-03,0.0026561140779196384
2023-09-04,0.0010257875774780756
2023-09-05,0.0009090640862097326
2023-09-06,-0.0009932396954362081
2023-09-07,0.0010084585578882801
2023-09-08,-1.3319365752380042e-05
2023-09-09,5.7126936394882066e-05
2023-09-10,-0.00460888286400476
2023-09-11,-0.00929335851594117
2023-09-12,0.0010981969654588225
2023-09-13,0.0032967257910299485
2023-09-14,0.0014963467566634996
2023-09-15,0.00593103677290217
2023-09-16,-0.002466430591243446
2023-09-17,-0.004399834507844594
2023-09-18,0.002479853141553478
2023-09-19,0.004851663709740759
2023-09-20,0.0005391596117416637
2023-09-21,-0.004462971214177734
2023-09-22,0.00629752116371586
2023-09-23,-0.002410910143644292
2023-09-24,0.00030692492221934774
2023-09-25,0.006147989261554389
2023-09-26,-0.0016645854223395673
2023-09-27,-0.0002538454264476664
2023-09-28,0.005422351861013279
2023-09-29,0.0038998015999412005
2023-09-30,0.0016481386151953794
2023-10-01,0.008165764271569356
2023-10-02,-0.0179773517561888
2023-10-03,-0.0027041501983698646
2023-10-04,-0.0016452757285233184
2023-10-05,-0.004481729535170975
2023-10-06,0.007364822706182021
2023-10-07,-0.004731976298856593
2023-10-08,0.0008976989286164926
2023-10-09,-0.005195253925108998
2023-10-10,-0.006420600292871887
2023-10-11,-0.005577241623056268
2023-10-12,-0.0028121112716279644
2023-10-13,-0.00030662880577900605
2023-10-14,0.003063091721998609
2023-10-15,0.0016975348688983295
2023-10-16,0.011312797282526746
2023-10-17,-0.015027226124390405
2023-10-18,-0.006708343549193385
2023-10-19,0.006207817294279825
2023-10-20,0.009549767563018856
2023-10-21,0.014703637546261705
2023-10-22,0.011207791476161553
2023-10-23,0.030836355637236624
2023-10-24,0.0022241695022776043
2023-10-25,0.0044045484595077134
2023-10-26,0.004625118770057936
2023-10-27,-0.015726995562556533
2023-10-28,0.010175145625975076
2023-10-29,0.021799763548516878
2023-10-30,0.0069240206427605994
2023-10-31,-0.0007694814803469931
2023-11-01,0.016017155397079968
2023-11-02,-0.0023445911666650785
2023-11-03,0.003978897992645036
2023-11-04,0.008269763982438493
2023-11-05,0.003203209978164331
2023-11-06,0.009634076033320407
2023-11-07,-0.004376360937992804
2023-11-08,0.0034450755696112697
2023-11-09,0.01624972563208035
2023-11-10,0.025683557392446328
2023-11-11,0.008631304352655056
2023-11-12,0.011405094193299152
2023-11-13,-0.020135973321609248
2023-11-14,0.013444527369593822
2023-11-15,0.046313956735111426
2023-11-16,-0.008828319625320031
2023-11-17,-0.009439434098496569
2023-11-18,-0.023530813295362385
2023-11-19,-0.004364766755635582
2023-11-20,-0.011552325586581052
2023-11-21,-0.017979248112904994
2023-11-22,0.01677565346283757
2023-11-23,0.0011738859329511477
2023-11-24,0.004418692179537381
2023-11-25,0.006604745608057137
2023-11-26,-0.003069643323209039
2023-11-27,-0.006766625170467032
2023-11-28,0.00048490201104691295
2023-11-29,0.0009852342038003117
2023-11-30,-0.005358561845984413
2023-12-01,0.004740561555827134
2023-12-02,0.013510420372882123
2023-12-03,-0.0029237636087063408
2023-12-04,0.00025540055677974603
2023-12-05,-0.00032480028523145925
2023-12-06,-0.004353456175632402
2023-12-07,0.017061600166448518
2023-12-08,0.026533455120446605
2023-12-09,-0.004629877494489996
2023-12-10,0.02307677016330996
2023-12-11,-0.01496940245544505
2023-12-12,0.012680882150493485
2023-12-13,0.0046845554125914506
2023-12-14,0.007395883241539282
2023-12-15,-0.00928765054468764
2023-12-16,0.013261354152782826
2023-12-17,-0.012641668264698043
2023-12-18,0.0027094770508760495
2023-12-19,0.00162080213183952
2023-12-20,0.010785480718494275
2023-12-21,0.008440886498190161
2023-12-22,0.0010443332938227864
2023-12-23,0.008298737343742478
2023-12-24,0.00253057791274573
2023-12-25,0.011283209287706668
2023-12-26,-0.009428734746447377
2023-12-27,0.000707480363930393
2023-12-28,-0.012674123747921536
2023-12-29,-0.00655138141546648
2023-12-30,-0.001648696612206861
2023-12-31,-0.0015249469336888817
2024-01-01,0.012441485659905169
2024-01-02,-0.0038361434059751834
2024-01-03,-0.01973017797935689
2024-01-04,0.009999866987061923
2024-01-05,-0.012680770997735775
2024-01-06,-0.0003500489443907131
2024-01-07,-0.012021111910512987
2024-01-08,0.013654715650599123
2024-01-09,-0.00921624620923113
2024-01-10,0.0035924860710540613
2024-01-11,0.0012201681727136058
2024-01-12,-0.008946780411539894
2024-01-13,0.004473651374894485
2024-01-14,-0.004153801592029726
2024-01-15,0.0021613272121208654
2024-01-16,0.0011343042642721409
2024-01-17,-0.0012303337022101693
2024-01-18,-0.00743739682739253
2024-01-19,-0.0027097499770845712
2024-01-20,0.002965148014230118
2024-01-21,0.000860725725746239
2024-01-22,-0.011852540629943105
2024-01-23,0.0008122843206695467
2024-01-24,0.0023641546763789917
2024-01-25,-0.001280344691718876
2024-01-26,5.731990468413036e-05
2024-01-27,0.006978467149716973
2024-01-28,5.386769575234568e-05
2024-01-29,0.007871153707219717
2024-01-30,-0.008044226513948054
2024-01-31,-0.00628759938629922
2024-02-01,0.004064862067915651
2024-02-02,0.004803828542537624
2024-02-03,0.0002588971545669494
2024-02-04,-0.0063547160904439135
2024-02-05,0.0008758229168173769
2024-02-06,0.005894885393577517
2024-02-07,0.0015546559174683433
2024-02-08,0.004179429333622489
2024-02-09,0.006697342162986595
2024-02-10,-0.000555248318498052
2024-02-11,-0.0029314245168114523
2024-02-12,-0.00021619987931841472
2024-02-13,0.004323156582318946
2024-02-14,0.00773821212375201
2024-02-15,0.020266491197641564
2024-02-16,-0.0116445092456579
2024-02-17,-0.006223004500926235
2024-02-18,0.0049739427873262835
2024-02-19,0.002812679194075726
2024-02-20,-0.002576889271145108
2024-02-21,-0.008548315299328672
2024-02-22,-0.001574953268275015
2024-02-23,-0.001708321546828431
2024-02-24,0.0188511111078938
2024-02-25,0.006294613512355849
2024-02-26,0.005288828119184334
2024-02-27,-0.0009952039311224316
2024-02-28,-0.0010859841237447821
2024-02-29,0.0011606139768512314
2024-03-01,0.007029958655145798
2024-03-02,0.004070514887088339
2024-03-03,-0.004999079577578099
2024-03-04,-0.0047736536078762494
2024-03-05,-0.025563552094140157
2024-03-06,0.07805839361835945
2024-03-07,0.047455445906259344
2024-03-08,-0.023104648464731578
2024-03-09,-0.01920118576144758
2024-03-10,0.006109536471276658
2024-03-11,-0.0005482382282027191
2024-03-12,-0.001068318928289305
2024-03-13,0.010097842727410733
2024-03-14,0.016471987861131607
2024-03-15,-0.00015153839864562955
2024-03-16,-0.006388769945972098
2024-03-17,-0.0008919586046372671
2024-03-18,-0.010871629799433789
2024-03-19,-0.012145533001723854
2024-03-20,0.012241398697410874
2024-03-21,0.0029759176413512744
2024-03-22,-0.002977276147094646
2024-03-23,0.0006427087269360599
2024-03-24,0.003627122714974257
2024-03-25,0.007544079952553796
2024-03-26,0.0014406042031876209
2024-03-27,-0.008434236527310946
2024-03-28,0.0076666004652415
2024-03-29,0.0016810226025617203
2024-03-30,-0.0036759733944610744
2024-03-31,0.00574629396334701
2024-04-01,-0.00043220496527926846
2024-04-02,-0.01360482361515477
2024-04-03,-0.0003040920705661478
2024-04-04,-0.0007960632480019773
2024-04-05,0.004868545331705998
2024-04-06,0.00029733132706932715
2024-04-07,0.0013171978391877017
2024-04-08,0.019570321713132156
2024-04-09,-0.010161013599659346
2024-04-10,-0.0014804050519313606
2024-04-11,-0.003852682817215601
2024-04-12,-0.024313431137856868
2024-04-13,-0.019002656802264956
2024-04-14,0.008648500071262038
2024-04-15,0.0006053362193367384
2024-04-16,0.00043095037993284147
2024-04-17,0.0038978211415578333
2024-04-18,-0.0008282556196752463
2024-04-19,0.006629774366635384
2024-04-20,0.005108077842736319
2024-04-21,0.00022998078081563805
2024-04-22,-0.0014472534892480432
2024-04-23,0.004385446414209829
2024-04-24,0.0012726080906076604
2024-04-25,0.003003558413793608
2024-04-26,-0.010170243073867017
2024-04-27,-0.003713872016680248
2024-04-28,-0.001906429215592838
2024-04-29,-0.0037600717677090823
2024-04-30,0.004672076198802203
2024-05-01,-0.011068913569049705
2024-05-02,-0.0016425977383103612
2024-05-03,0.010697108318862026
2024-05-04,-0.000931121346936952
2024-05-05,0.003469719296180274
2024-05-06,-0.00951137634321541
2024-05-07,-0.001224745219945159
2024-05-08,-0.0020644590726939483
2024-05-09,0.009436334058916376
2024-05-10,-0.010418209453530697
2024-05-11,-0.00273585655004855
2024-05-12,-0.0022860053696918503
2024-05-13,0.0009079227477979305
2024-05-14,-0.0032936097203640513
2024-05-15,0.009538444556708991
2024-05-16,0.0007481206985818035
2024-05-17,0.008774338862639302
2024-05-18,-0.004257079482920595
2024-05-19,-0.007651114053256599
2024-05-20,0.011304310386334677
2024-05-21,0.002027963927083621
2024-05-22,0.0024564716185931476
2024-05-23,-0.005114383986111107
2024-05-24,-0.006790185022119626
2024-05-25,0.0021492016088794624
2024-05-26,0.004113799426326229
2024-05-27,0.002876852432907932
2024-05-28,0.000402582809639931
2024-05-29,-0.0076441892805560645
2024-05-30,-0.0034602884327568635
2024-05-31,-0.0061135174888817465
2024-06-01,0.0022111796499487257
2024-06-02,-0.00450747767937689
2024-06-03,0.003125142186511083
2024-06-04,0.010540284147696442
2024-06-05,0.002783220873580786
2024-06-06,-0.003719502616583126
2024-06-07,-0.013251350249223427
2024-06-08,-0.009676608162246771
2024-06-09,0.006938904279911799
2024-06-10,-0.0034179589119293276
2024-06-11,-0.008912734860157506
2024-06-12,0.0073901106002712234
2024-06-13,-0.010797716346518467
2024-06-14,-0.004277889099628592
2024-06-15,-0.00019748990194710646
2024-06-16,0.0008437826315409946
2024-06-17,-0.013873040060046717
2024-06-18,-0.015022172888524327
2024-06-19,0.0031132449877779703
2024-06-20,0.0009463840492961713
2024-06-21,0.001008895980759185
2024-06-22,-0.0021234788527354225
2024-06-23,-0.0033833269191104734
2024-06-24,0.00470209193534632
2024-06-25,0.0074259340505542165
2024-06-26,-0.0031830813325997775
2024-06-27,0.006472054903458964
2024-06-28,-0.006551686134137125
2024-06-29,-0.003358636185963619
2024-06-30,0.0027211174184068
2024-07-01,-0.0023735143179337455
2024-07-02,0.0030501403376960493
2024-07-03,-0.011526076033709887
2024-07-04,-0.01893776872788556
2024-07-05,-0.007361529342934677
2024-07-06,0.011136551550439501
2024-07-07,-0.009687126846088334
2024-07-08,0.006585880152852013
2024-07-09,0.00470687943249238
2024-07-10,0.004676793674172028
2024-07-11,-0.0033474142579745297
2024-07-12,0.005443158963238376
2024-07-13,0.002684985135758172
2024-07-14,0.006510030214058928
2024-07-15,0.011586111878119846
2024-07-16,-0.00011039719525672823
2024-07-17,-0.0022424526106489657
2024-07-18,0.004671988403076752
2024-07-19,0.0054038139782538845
2024-07-20,0.002362772746645227
2024-07-21,0.0052322137537755935
2024-07-22,-0.005775832312623678
2024-07-23,-0.005057911482929212
2024-07-24,-0.008641193255832217
2024-07-25,-0.004505865147414555
2024-07-26,0.005439713653761906
2024-07-27,0.0030139388627356324
2024-07-28,0.0018825743130245955
2024-07-29,0.001242191772135899
2024-07-30,-0.0020160960566158975
2024-07-31,-0.0025762636650849768
2024-08-01,0.0030135425831090174
2024-08-02,-0.010572823548354243
2024-08-03,-0.0034346703257245397
2024-08-04,-0.00841086270172671
2024-08-05,-0.010414695909397089
2024-08-06,0.009963025205672679
2024-08-07,-0.0024394457966458788
2024-08-08,0.012972524648328418
2024-08-09,-0.003289642158113942
2024-08-10,-0.001022974878307876
2024-08-11,-0.0065662145295379
2024-08-12,0.00916579276734636
2024-08-13,-0.001016621060686391
2024-08-14,-0.0008916696271994867
2024-08-15,-0.0012168925099571108
2024-08-16,-0.0012272746308154806
2024-08-17,-1.2841427614820943e-05
2024-08-18,-0.0010101690430423156
2024-08-19,0.005599549834541835
2024-08-20,0.008393654887583576
2024-08-21,0.00835685338678255
2024-08-22,0.0030320559478231738
2024-08-23,0.01576280614468764
2024-08-24,0.005488183309797655
2024-08-25,-0.0055688248249851
2024-08-26,-0.006399427116337206
2024-08-27,-0.007254976700046285
2024-08-28,0.001000678630848881
2024-08-29,-0.0015558842407608618
2024-08-30,0.0010163081928830369
2024-08-31,-0.003330310577803004
2024-09-01,-0.0076279911838709885
2024-09-02,0.004896003656152639
2024-09-03,-0.005616364154168083
2024-09-04,0.0066240679742957005
2024-09-05,-0.0028865830120529323
2024-09-06,-0.0025079692930920715
2024-09-07,0.00025333079657967886
2024-09-08,0.0007786172490791668
2024-09-09,0.008062197869232228
2024-09-10,0.0030603885864161342
2024-09-11,-0.004336222919221975
2024-09-12,0.0005174936066039639
2024-09-13,0.002668654063138562
2024-09-14,-0.0034756441557333793
2024-09-15,-0.004917903670092216
2024-09-16,-0.0039338020432057325
2024-09-17,0.0023785686594478355
2024-09-18,0.008740901597170494
2024-09-19,0.008531222110897184
2024-09-20,0.007316036008326379
2024-09-21,0.006075182311063996
2024-09-22,-0.007863779050092733
2024-09-23,0.00482775557139886
2024-09-24,0.0035795952436988975
2024-09-25,0.0009014970763723411
2024-09-26,0.005702214982560429
2024-09-27,0.004575674686710708
2024-09-28,-0.0027085518443504476
2024-09-29,-0.00011539832814048686
2024-09-30,-0.012207793879916705
2024-10-01,-0.012694482413349207
2024-10-02,-0.00524179592844338
2024-10-03,-0.0005140843811484327
2024-10-04,0.006164222617342783
2024-10-05,-2.0897858177179435e-05
2024-10-06,0.00504023567071458
2024-10-07,-0.0019031331284843774
2024-10-08,-0.003987328886026513
2024-10-09,-0.0013687148545574067
2024-10-10,-0.0003268905509246593
2024-10-11,0.004183502483866773
2024-10-12,0.004000374951139762
2024-10-13,-0.0013868608108848323
2024-10-14,0.004443667784214529
2024-10-15,0.001797980991781167
2024-10-16,0.0007157201266560549
2024-10-17,-0.0014659872962050687
2024-10-18,0.0037368301380156644
2024-10-19,-0.0008374490189113847
2024-10-20,0.001024912550965192
2024-10-21,-0.0038302071357287546
2024-10-22,-0.0015394937949433129
2024-10-23,0.0005256203472234877
2024-10-24,-0.0016131099124900253
2024-10-25,-0.0013921270245457376
2024-10-26,-0.002321873605206832
2024-10-27,0.002059120963803895
2024-10-28,0.004423002846958154
2024-10-29,0.0003888488473679066
2024-10-30,-0.00012036970352925791
2024-10-31,-0.011111774844280319
2024-11-01,0.0034230620390065
2024-11-02,-0.0002759080854169277
2024-11-03,-0.0034816387196188892
2024-11-04,-0.0036104018611699674
2024-11-05,0.006235081586400626
2024-11-06,0.01841366278554952
2024-11-07,0.004587735851318728
2024-11-08,0.004190149244361922
2024-11-09,0.005449806814684543
2024-11-10,0.0037021762387522334
2024-11-11,0.002087204132834054
2024-11-12,-0.0026768022172231547
2024-11-13,-0.009498202075747683
2024-11-14,-0.0013710769749756336
2024-11-15,0.012924565198638957
2024-11-16,0.01888702072913488
2024-11-17,-0.0016058800239600105
2024-11-18,0.020708961979161077
2024-11-19,-0.013269939892501602
2024-11-20,0.0028263269257058662
2024-11-21,0.017777298325899957
2024-11-22,0.019399217546584583
2024-11-23,0.032832333073413864
2024-11-24,0.002348903332161022
2024-11-25,0.005236889655834209
2024-11-26,-0.005701066763292685
2024-11-27,0.039672529679951565
2024-11-28,-0.007119729507959412
2024-11-29,0.00669979940899031
2024-11-30,0.023837833238431437
2024-12-01,0.0077348951480367585
2024-12-02,0.01696647892786591
2024-12-03,-0.013739859745041778
2024-12-04,-0.0021373889395193027
2024-12-05,-0.005320761918206524
2024-12-06,0.003249896583942089
2024-12-07,-0.002128735703668659
2024-12-08,-0.001716845098841578
2024-12-09,-0.01265980705713675
2024-12-10,0.0016161834251312301
2024-12-11,0.01259439304893365
2024-12-12,0.0030927183191075246
2024-12-13,0.0026794676736111235
2024-12-14,0.0008447915871272417
2024-12-15,0.0027680152849165903
2024-12-16,-0.0052499892341150815
2024-12-17,-0.008986160144088779
2024-12-18,-0.010262768044100905
2024-12-19,-0.00968598958710321
2024-12-20,0.0022623796513425833
2024-12-21,-0.005699246895365681
2024-12-22,-0.0013008203447385039
2024-12-23,0.008114579995721401
2024-12-24,0.009192056316953887
2024-12-25,0.005845712246639731
2024-12-26,-0.00298943666751126
2024-12-27,-0.0001743682871731918
2024-12-28,-0.004996042533348307
2024-12-29,0.004819545832999267
2024-12-30,0.0006943972340310041
2024-12-31,-0.0014016065848147918
2025-01-01,0.00867820449230067
2025-01-02,-0.004080893812633041
2025-01-03,0.01174222689695822
2025-01-04,0.00401521408330005
2025-01-05,-0.004697480372449065
2025-01-06,-0.010229050603037011
2025-01-07,0.0004666994383766231
2025-01-08,-0.0034527952270798647
2025-01-09,-0.007258981099704738
2025-01-10,0.008505438731550545
2025-01-11,0.001650722155118123
2025-01-12,-0.00036831876034254383
2025-01-13,-0.0010504560332661088
2025-01-14,-0.0006670036801698063
2025-01-15,0.004475547728388677
2025-01-16,0.0035706954141337174
2025-01-17,0.009223324377472756
2025-01-18,-0.0028053414369496685
2025-01-19,-0.010145242076721754
2025-01-20,-0.0011300661380132995
2025-01-21,0.000983210907478391
2025-01-22,-0.0009566460235310964
2025-01-23,0.003586326494677019
2025-01-24,0.00022666209297771475
2025-01-25,0.008682448622702489
2025-01-26,-0.010686979935166943
2025-01-27,0.006931709747417911
2025-01-28,0.0036672564715105106
2025-01-29,-0.004841593722393102
2025-01-30,0.009494698603852537
2025-01-31,0.005217075255864322
2025-02-01,-0.013377509931180668
2025-02-02,-0.005294887449192978
2025-02-03,0.003982087181588157
2025-02-04,-0.008916494693561058
2025-02-05,-0.001245133330159556
2025-02-06,-0.004040180427144666
2025-02-07,0.0025440028348068565
2025-02-08,0.0023608587304925193
2025-02-09,4.819997192173504e-05
2025-02-10,-0.0005816970770873594
2025-02-11,0.005869296463046236
2025-02-12,0.007319224130123912
2025-02-13,-0.003444582244054134
2025-02-14,0.00632591127294077
2025-02-15,-0.0114403746401029
2025-02-16,0.007530600302805549
2025-02-17,-0.0068465104994505565
2025-02-18,-0.004310822480091311
2025-02-19,0.00654022703920786
2025-02-20,0.0008452512073432554
2025-02-21,-0.004609134144392261
2025-02-22,0.002902622086950861
2025-02-23,-0.010516283092657045
2025-02-24,-0.00546272745620365
2025-02-25,0.001354764345871782
2025-02-26,-0.0010825983416660983
2025-02-27,0.0021588939257338635
2025-02-28,-0.001893953963846245
2025-03-01,-0.0013025375818196978
2025-03-02,0.0069473516760303125
2025-03-03,-0.011387876146238369
2025-03-04,0.00025458510176069133
2025-03-05,0.003800026615592399
2025-03-06,-0.002428372791904909
2025-03-07,0.0012563854512726343
2025-03-08,-0.0015290242125154938
2025-03-09,-0.003722222813172871
2025-03-10,-0.0012497350497690477
2025-03-11,0.0069374129329977914
2025-03-12,0.003200009185579803
2025-03-13,-0.0049545012210385235
2025-03-14,0.00421230556024386
2025-03-15,0.0023129005918025814
2025-03-16,-0.006566969923438285
2025-03-17,0.0061196772454858795
2025-03-18,-0.0032456644027154236
2025-03-19,0.005518401465615961
2025-03-20,-0.004603292583036323
2025-03-21,-0.0033505621582814076
2025-03-22,0.005019668351427259
2025-03-23,0.001685526086504098
2025-03-24,0.005091350360591986
2025-03-25,0.0019741228116884834
2025-03-26,-0.004012167575299705
2025-03-27,-3.9329654963970396e-06
2025-03-28,-0.0072134221875294665
2025-03-29,-0.005292938350182602
2025-03-30,-0.002321913529772864
2025-03-31,0.0010881334468798702
2025-04-01,0.0040570486042896085
2025-04-02,-0.008697272164223323
2025-04-03,0.00023376373872564278
2025-04-04,0.0028422628781686506
2025-04-05,-0.004089053593756814
2025-04-06,-0.008647124245000118
2025-04-07,0.002302990368595827
2025-04-08,-0.004349521422367797
2025-04-09,0.015654993336631753
2025-04-10,-0.007478338526944546
2025-04-11,0.0025608250192014383
2025-04-12,0.008571379001417268
2025-04-13,-0.004105371302329698
2025-04-14,0.005916172152242679
2025-04-15,-0.003261487332918068
2025-04-16,0.0016343157373195428
2025-04-17,0.0005351565300500605
2025-04-18,0.0028798195558272037
2025-04-19,0.003996590636925074
2025-04-20,0.0037899888773886936
2025-04-21,0.0015650340574156086
2025-04-22,0.023294618454419266
2025-04-23,0.006946586655223791
2025-04-24,0.006265288563433267
2025-04-25,2.5113537775693016e-06
2025-04-26,0.006266365863665056
2025-04-27,-0.009548390090651535
2025-04-28,0.0013970494517474008
2025-04-29,-0.0041488674175341606
2025-04-30,0.0034322088121798737
2025-05-01,0.0034443188632059135
2025-05-02,0.00032116783616554416
2025-05-03,-0.00709119260801993
2025-05-04,-0.0034721346170296626
2025-05-05,-0.00014555136894730094
2025-05-06,-0.001405467603523426
2025-05-07,0.0027574200460084718
2025-05-08,0.017272453353994004
2025-05-09,0.00504581456455962
2025-05-10,0.007634945977243223
2025-05-11,-0.004024692350687215
2025-05-12,-0.0005945570272965642
2025-05-13,0.002623159732232336
2025-05-14,-0.0036335002480684733
2025-05-15,-0.0027044312733275383
2025-05-16,0.006465699096778555
2025-05-17,-0.0012013125516130813
2025-05-18,0.0029384011440833015
2025-05-19,-0.0011228989279701428
2025-05-20,0.0018262008896811344
2025-05-21,0.001990380920366206
2025-05-22,0.002821891326633935
2025-05-23,-0.0034422292582199057
2025-05-24,0.000730538187531872
2025-05-25,0.001457411559119163
2025-05-26,-0.0006215094004391266
2025-05-27,0.0014472745807850927
2025-05-28,-0.0009749962600658075
2025-05-29,-0.0023478494367312783
2025-05-30,-0.005185651442924678
2025-05-31,-0.0014102784627388822
2025-06-01,0.0019059104032384559
2025-06-02,0.0021289426657572362
2025-06-03,-0.00045952239720019143
2025-06-04,-0.001433581104185347
2025-06-05,-0.0068257167418668335
2025-06-06,0.004830676207331167
2025-06-07,0.0024006124521451697
2025-06-08,0.0006530932008888612
2025-06-09,0.0023471705874578298
2025-06-10,0.0038768835299860574
2025-06-11,-0.0016043384729248775
2025-06-12,-0.004743728676601147
2025-06-13,-0.0013017327776479294
2025-06-14,-0.0018905818374757575
2025-06-15,0.0015099266478339733
2025-06-16,-0.0010410809053065595
2025-06-17,-0.003511424186704079
2025-06-18,0.003131883289317494
2025-06-19,0.0007395703822150181
2025-06-20,-0.0010454004879245028
2025-06-21,-0.0011748081558338242
2025-06-22,-0.0005654576284232596
2025-06-23,-0.0013930530741777625
2025-06-24,-0.0026328333165459485
2025-06-25,0.001138121529531877
2025-06-26,0.000749026686229673
2025-06-27,-0.0024954379433964713
2025-06-28,0.002025747731126786
2025-06-29,-0.0017732049896538188
2025-06-30,0.0019428027571824357
2025-07-01,-0.003284193607341991
2025-07-02,-0.0031017983253346136
2025-07-03,0.005064422917912258
2025-07-04,-0.0018816100554066976
2025-07-05,0.0009718061300868669
2025-07-06,0.0008573300167358991
2025-07-07,-0.002244124198758863
2025-07-08,0.0019386889075492678
2025-07-09,0.007085345607960669
2025-07-10,0.006555793543695821
2025-07-11,0.0072285776842328
2025-07-12,0.0009487999637903225
2025-07-13,0.012629801109897521
2025-07-14,-0.0036143279010735874
2025-07-15,-0.0018504281080375222
2025-07-16,-0.000275017239530986
2025-07-17,0.0005447474673323916
2025-07-18,0.0005265880631666648
2025-07-19,0.0039319980852282575
2025-07-20,0.0014339910039807043
2025-07-21,0.00010916163119128357
2025-07-22,0.00448588310591448
2025-07-23,0.014362672241037319
2025-07-24,0.0030605129051761715
2025-07-25,-0.006044532219639142
2025-07-26,-0.0038285353058097786
2025-07-27,-0.0015706904602591368
2025-07-28,0.0004818120796452355
2025-07-29,-9.941356702874013e-05
2025-07-30,0.0013437356661067524
2025-07-31,-0.001126949446406229
2025-08-01,0.0014596879553791958
2025-08-02,0.0014588243411667355
2025-08-03,-0.0005442349029804055
2025-08-04,0.0003611510757466309
2025-08-05,0.0026023975974029654
2025-08-06,-0.0008100950594585461
2025-08-07,-0.0027467989459575583
2025-08-08,-0.0019638830541583905
2025-08-09,-0.000984005383216432
2025-08-10,0.001123467736996441
2025-08-11,-0.0015225220751925168
2025-08-12,0.00028087131714966984
2025-08-13,-0.0020771798278314073
2025-08-14,-0.0018360705243213088
2025-08-15,-0.001384126659919079
2025-08-16,0.005880501739748015
2025-08-17,-0.004906330516785038
2025-08-18,-0.00023910710227820892
2025-08-19,0.0008310584924317453
2025-08-20,-0.0013442740954180455
2025-08-21,0.0009282049252545254
2025-08-22,-0.0017670971602411552
2025-08-23,-0.00045976076963185936
2025-08-24,-0.0009478556002334881
2025-08-25,-0.0007273696967194285
2025-08-26,0.0009493095652034297
2025-08-27,0.0014855753570390468
2025-08-28,-0.0006336323974032704
2025-08-29,-0.001453957334981522
2025-08-30,0.0011111882311847455
2025-08-31,0.005048694083433057
2025-09-01,-0.0004776274014811307
2025-09-02,0.002063948861002955
2025-09-03,-7.314066570587406e-05
2025-09-04,-0.0030038536701779556
2025-09-05,6.201336760201102e-06
2025-09-06,-0.0007864369571395269
2025-09-07,9.369556773072744e-05
2025-09-08,-0.0023681634467194305
2025-09-09,-0.0024585435265812704
2025-09-10,0.0017107764904444897
2025-09-11,-0.001629242873562888
2025-09-12,-0.00042985620990243284
2025-09-13,0.0011496073730539096
2025-09-14,-0.001073649283204654
2025-09-15,0.000161133329674467
2025-09-16,0.0010599898791688917
2025-09-17,0.00018733262957382467
2025-09-18,-0.00032880956591153834
2025-09-19,-0.0029106913677651213
2025-09-20,0.000539131052806964
2025-09-21,-0.00014608740005062927
2025-09-22,-0.0027801993819657855
2025-09-23,0.001777462619054747
2025-09-24,0.012174408638658625
2025-09-25,-0.0033278793845984127
2025-09-26,0.008690285934325234
2025-09-27,0.0027450648009441562
2025-09-28,-0.0005902517311983309
2025-09-29,0.0010970889922311856
2025-09-30,-0.0004624477212326087
2025-10-01,0.011663821936767176
2025-10-02,0.0010708300182896595
2025-10-03,8.793332679445287e-05
2025-10-04,-0.002294178763458175
2025-10-05,-0.004072846187590458
2025-10-06,0.002701430832183585
2025-10-07,-0.002893141708506297
2025-10-08,0.004233824459238842
2025-10-09,0.005808038471016919
2025-10-10,-0.0230892999971926
2025-10-11,0.0009256893927140833
2025-10-12,0.018881922993316095
2025-10-13,0.012957675376316527
2025-10-14,-0.004350905544566292
2025-10-15,-0.007699274642454299
2025-10-16,-0.005083632312212974
2025-10-17,-0.0016183911985053266
2025-10-18,0.0003530760165831897
2025-10-19,0.0030825292250102757
2025-10-20,0.0006807781368523673
2025-10-21,-0.003975084849869823
2025-10-22,-0.0031502912996047546
2025-10-23,0.0013057779730764952
2025-10-24,0.0009021394543552371
2025-10-25,-0.0013398771774603966
2025-10-26,0.0016264186866503543
2025-10-27,-0.0023277315566426603
2025-10-28,-0.0007200144770070843
2025-10-29,-0.00044206724131153454
2025-10-30,-0.0019514130667803388
2025-10-31,0.00184799132048162
2025-11-01,0.0003989360644891025
2025-11-02,0.001851617855666216
2025-11-03,-0.007447925303266064
2025-11-04,-0.00034801385571568444
2025-11-05,0.0003686870502087884
2025-11-06,-0.00014906580721909147
2025-11-07,0.00933691327267526
2025-11-08,-0.0013352098115331254
2025-11-09,-0.0036903755265323265
2025-11-10,0.0018035204467417925
2025-11-11,-0.005172971858371763
2025-11-12,-0.001025807422714506
2025-11-13,-0.002693813713879247
2025-11-14,-0.005204760813997372
2025-11-15,0.0023176899833036355
2025-11-16,-0.003271274314665389
2025-11-17,-0.0037047723342610306
2025-11-18,0.002934668719954375
2025-11-19,-0.0034021504686874158
2025-11-20,-0.004813776670283174
2025-11-21,-0.004421484195172244
2025-11-22,6.09655176426453e-05
2025-11-23,-0.000296377005791368
2025-11-24,0.0024799826564750886
2025-11-25,-0.0011604916979914394
2025-11-26,-0.0008084882441610407
2025-11-27,-0.0008784820068745694
2025-11-28,-0.0022041972829892702
2025-11-29,-0.0016140273132905082
2025-11-30,-0.003534764918732099
2025-12-01,-0.002815124598836355
2025-12-02,0.005144284836500177
2025-12-03,0.0007095870691534537
2025-12-04,-0.003422614463151865
2025-12-05,-0.0017632378245171628
2025-12-06,0.0036063809294052023
2025-12-07,-0.003444355864834316
2025-12-08,0.003208764631816145
2025-12-09,0.006543745722184527
2025-12-10,-0.0030037006387746037
2025-12-11,-0.00529607760080862
2025-12-12,-0.003627229163282678
2025-12-13,0.0018281144755861345
2025-12-14,-0.006558892981581432
2025-12-15,-0.006361901999879328
2025-12-16,0.0001926176643332181
2025-12-17,-0.010433266819245309
2025-12-18,-0.011266171952815669
2025-12-19,0.01930016979239182
2025-12-20,0.001465346712856299
2025-12-21,-0.005086581153924221
2025-12-22,-0.0020273039058450477
2025-12-23,0.0003054486539929175
2025-12-24,-0.0026387498854522594
2025-12-25,-0.0021377265616934916
2025-12-26,0.002826104207710247
2025-12-27,0.006994334961958809
2025-12-28,-0.0018734871450041422
2025-12-29,-0.003591210919253968
2025-12-30,-0.0013607167822228554
2025-12-31,-0.004144796043946865
2026-01-01,0.01006529813155695
2026-01-02,0.00609891489213882
2026-01-03,-0.0012684687415507364
